country_key,country_name,order_count,gross_sales_revenue,cancellation_value,net_revenue,revenue_rank
3,United Kingdom,18018,9014160.02,-815291.6,8198868.42,1
18,Netherlands,94,285446.34,-784.8,284661.54,2
26,EIRE,288,283453.96,-20177.14,263276.82,3
4,Germany,457,228867.14,-7168.93,221698.21,4
1,France,392,209715.11,-12311.21,197403.9,5
20,Australia,57,138521.31,-1444.04,137077.27,6
36,Switzerland,54,57089.9,-704.55,56385.35,7
2,Spain,90,61577.11,-6802.53,54774.58,8
25,Belgium,98,41196.34,-285.38,40910.96,9
6,Sweden,36,38378.33,-1782.42,36595.91,10
34,Japan,19,37416.37,-2075.75,35340.62,11
37,Norway,36,36165.44,-1001.98,35163.46,12
9,Portugal,58,33747.1,-4380.08,29367.02,13
8,Finland,41,22546.08,-219.34,22326.74,14
24,Channel Islands,26,20450.44,-364.15,20086.29,15
35,Denmark,18,18955.34,-187.2,18768.14,16
28,Italy,38,17483.24,-592.73,16890.51,17
16,Cyprus,16,13590.38,-644.09,12946.29,18
39,Austria,17,10198.68,-44.36,10154.32,19
15,Hong Kong,11,15691.8,-5574.76,10117.04,20
7,Singapore,7,21279.29,-12158.9,9120.39,21
13,Israel,8,8135.26,-227.44,7907.82,22
41,Poland,19,7334.65,-121.51,7213.14,23
19,Unspecified,13,4749.79,0.0,4749.79,24
33,Greece,5,4760.52,-50.0,4710.52,25
14,Iceland,7,4310.0,0.0,4310.0,26
32,Canada,6,3666.38,0.0,3666.38,27
10,Malta,5,2725.59,-220.12,2505.47,28
23,United Arab Emirates,3,1902.28,0.0,1902.28,29
29,USA,5,3580.39,-1849.47,1730.92,30
42,Lebanon,1,1693.88,0.0,1693.88,31
40,Lithuania,4,1661.06,0.0,1661.06,32
27,European Community,4,1300.25,-8.5,1291.75,33
38,Brazil,1,1143.6,0.0,1143.6,34
17,RSA,1,1002.31,0.0,1002.31,35
5,Czech Republic,2,826.74,-119.02,707.72,36
21,Bahrain,3,754.14,-205.74,548.4,37
11,Saudi Arabia,1,145.92,-14.75,131.17,38
