year,month,month_start,is_partial_month,gross_sales_revenue,cancellation_value,net_revenue,order_count,average_order_value,previous_month_net_revenue,month_over_month_growth_pct,cumulative_net_revenue
2010,12,2010-12-01,False,823746.14,-74789.12,748957.02,1559,480.41,,,748957.02
2011,1,2011-01-04,False,691364.56,-131364.3,560000.26,1086,515.65,748957.02,-25.23,1308957.28
2011,2,2011-02-01,False,523631.89,-25569.24,498062.65,1100,452.78,560000.26,-11.06,1807019.93
2011,3,2011-03-01,False,717639.36,-34372.28,683267.08,1454,469.92,498062.65,37.18,2490287.01
2011,4,2011-04-01,False,537808.62,-44601.5,493207.12,1246,395.83,683267.08,-27.82,2983494.13
2011,5,2011-05-01,False,770536.02,-47202.51,723333.51,1681,430.3,493207.12,46.66,3706827.64
2011,6,2011-06-01,False,761739.9,-70616.78,691123.12,1533,450.83,723333.51,-4.45,4397950.76
2011,7,2011-07-01,False,719221.19,-37921.08,681300.11,1475,461.9,691123.12,-1.42,5079250.87
2011,8,2011-08-01,False,748076.32,-54333.75,693742.57,1360,510.1,681300.11,1.83,5772993.44
2011,9,2011-09-01,False,1058590.17,-38902.55,1019687.62,1837,555.08,693742.57,46.98,6792681.06
2011,10,2011-10-02,False,1154979.3,-84274.63,1070704.67,2040,524.86,1019687.62,5.0,7863385.73
2011,11,2011-11-01,False,1509496.33,-47740.08,1461756.25,2769,527.9,1070704.67,36.52,9325141.98
2011,12,2011-12-01,True,638792.68,-205124.67,433668.01,819,529.51,1461756.25,-70.33,9758809.99
