stock_code,description,cancellation_count,cancellation_value,valid_sale_count,cancellation_rate_pct
M,Manual,244,-146784.46,321,43.19
22423,REGENCY CAKESTAND 3 TIER,181,-9722.55,2017,8.23
POST,POSTAGE,126,-11871.24,1126,10.06
22960,JAM MAKING SET WITH JARS,87,-1012.79,1141,7.08
D,Discount,77,-5696.22,0,100.0
22720,SET OF 3 CAKE TINS PANTRY DESIGN,74,-744.95,1399,5.02
21232,STRAWBERRY CERAMIC TRINKET BOX,61,-443.25,842,6.76
S,SAMPLES,61,-3112.44,2,96.83
22699,ROSES REGENCY TEACUP AND SAUCER,54,-1150.35,1083,4.75
22197,POPCORN HOLDER,50,-366.55,1426,3.39
22666,RECIPE BOX PANTRY YELLOW DESIGN,47,-421.05,1126,4.01
82483,WOOD 2 DRAWER CABINET WHITE FINISH,45,-1240.7,555,7.5
85099B,JUMBO BAG RED RETROSPOT,44,-1984.02,2112,2.04
20725,LUNCH BAG RED RETROSPOT,44,-854.7,1595,2.68
85123A,WHITE HANGING HEART T-LIGHT HOLDER,42,-6624.3,2265,1.82
21843,RED RETROSPOT CAKE STAND,42,-2480.5,542,7.19
22697,GREEN REGENCY TEACUP AND SAUCER,42,-393.05,1041,3.88
22776,SWEETHEART CAKESTAND 3 TIER,40,-863.0,538,6.92
21314,SMALL GLASS HEART TRINKET POT,40,-270.15,545,6.84
23245,SET OF 3 REGENCY CAKE TINS,37,-421.5,882,4.03
23243,SET OF TEA COFFEE SUGAR TINS PANTRY,35,-545.55,474,6.88
84949,SILVER HANGING T-LIGHT HOLDER,35,-412.35,294,10.64
22698,PINK REGENCY TEACUP AND SAUCER,35,-387.5,793,4.23
23169,CLASSIC GLASS COOKIE JAR,34,-379.15,317,9.69
20914,SET/5 RED RETROSPOT LID GLASS BOWLS,34,-300.85,903,3.63
22727,ALARM CLOCK BAKELIKE RED,33,-277.5,1074,2.98
22456,NATURAL SLATE CHALKBOARD LARGE,32,-326.8,479,6.26
AMAZONFEE,AMAZON FEE,32,-235281.59,2,94.12
71477,COLOUR GLASS. STAR T-LIGHT HOLDER,31,-3443.62,321,8.81
22847,BREAD BIN DINER STYLE IVORY,31,-711.8,376,7.62
84978,HANGING HEART JAR T-LIGHT HOLDER,30,-206.59,737,3.91
22467,GUMBALL COAT RACK,30,-337.5,698,4.12
21231,SWEETHEART CERAMIC TRINKET BOX,29,-188.08,514,5.34
23110,PARISIENNE KEY CABINET,28,-293.25,257,9.82
22138,BAKING SET 9 PIECE RETROSPOT,27,-311.1,947,2.77
22784,LANTERN CREAM GAZEBO,27,-200.85,309,8.04
84946,ANTIQUE SILVER T-LIGHT GLASS,27,-372.96,919,2.85
85066,CREAM SWEETHEART MINI CHEST,26,-460.8,529,4.68
BANK CHARGES,Bank Charges,25,-7340.64,12,67.57
37449,CERAMIC CAKE STAND + HANGING CAKES,25,-446.7,155,13.89
22178,VICTORIAN GLASS HANGING T-LIGHT,25,-638.4,1047,2.33
22768,FAMILY PHOTO FRAME CORNICE,25,-355.3,262,8.71
22726,ALARM CLOCK BAKELIKE GREEN,24,-157.5,1000,2.34
21658,GLASS  BEURRE DISH,24,-124.58,216,10.0
22637,PIGGY BANK RETROSPOT,23,-136.2,333,6.46
22634,CHILDS BREAKFAST SET SPACEBOY,23,-381.85,227,9.2
20728,LUNCH BAG CARS BLUE,23,-327.5,1174,1.92
20727,LUNCH BAG  BLACK SKULL.,22,-202.2,1328,1.63
22962,JAM JAR WITH PINK LID,22,-72.97,344,6.01
23146,TRIPLE HOOK ANTIQUE IVORY ROSE,22,-164.1,234,8.59
22667,RECIPE BOX RETROSPOT,22,-260.75,477,4.41
85048,15CM CHRISTMAS GLASS BALL 20 LIGHTS,22,-307.95,263,7.72
22796,PHOTO FRAME 3 CLASSIC HANGING,22,-524.05,235,8.56
22383,LUNCH BAG SUKI DESIGN,21,-223.8,1326,1.56
21527,RED RETROSPOT TRADITIONAL TEAPOT,21,-260.3,149,12.35
23199,JUMBO BAG APPLES,21,-1309.25,988,2.08
82486,WOOD S/3 CABINET ANT WHITE FINISH,21,-585.9,616,3.3
22384,LUNCH BAG PINK POLKADOT,20,-236.2,1117,1.76
22649,STRAWBERRY FAIRY CAKE TEAPOT,20,-195.2,207,8.81
75049L,LARGE CIRCULAR MIRROR MOBILE,20,-204.2,211,8.66
47566,PARTY BUNTING,20,-1201.35,1706,1.16
22941,CHRISTMAS LIGHTS 10 REINDEER,20,-429.25,313,6.01
23112,PARISIENNE CURIO CABINET,19,-239.85,242,7.28
84945,MULTI COLOUR SILVER T-LIGHT HOLDER,19,-97.46,353,5.11
20726,LUNCH BAG WOODLAND,19,-134.9,1041,1.79
22729,ALARM CLOCK BAKELIKE ORANGE,18,-115.89,455,3.81
22659,LUNCH BOX I LOVE LONDON,18,-546.0,732,2.4
23168,CLASSIC CAFE SUGAR DISPENSER,18,-65.61,343,4.99
22891,TEA FOR ONE POLKADOT,18,-127.5,172,9.47
82482,WOODEN PICTURE FRAME WHITE FINISH,18,-581.55,1111,1.59
23108,SET OF 10 LED DOLLY LIGHTS,18,-317.6,375,4.58
22846,BREAD BIN DINER STYLE RED,18,-416.7,278,6.08
22625,RED KITCHEN SCALES,18,-198.05,553,3.15
22326,ROUND SNACK BOXES SET OF4 WOODLAND,18,-120.95,746,2.36
21258,VICTORIAN SEWING BOX LARGE,18,-679.75,163,9.94
23165,LARGE CERAMIC TOP STORAGE JAR,18,-154.5,286,5.92
22778,GLASS CLOCHE SMALL,18,-223.12,148,10.84
22487,WHITE WOOD GARDEN PLANT LADDER,17,-232.8,430,3.8
22360,GLASS JAR ENGLISH CONFECTIONERY,17,-284.95,221,7.14
23174,REGENCY SUGAR BOWL GREEN,17,-345.2,325,4.97
22767,TRIPLE PHOTO FRAME CORNICE,17,-348.25,218,7.23
22169,FAMILY ALBUM WHITE PICTURE FRAME,17,-257.55,373,4.36
22798,ANTIQUE GLASS DRESSING TABLE POT,17,-132.75,268,5.96
23203,JUMBO BAG VINTAGE DOILY,17,-1076.4,1249,1.34
22424,ENAMEL BREAD BIN CREAM,17,-342.6,456,3.59
22728,ALARM CLOCK BAKELIKE PINK,17,-153.75,793,2.1
22171,3 HOOK PHOTO SHELF ANTIQUE WHITE,17,-876.35,386,4.22
82494L,WOODEN FRAME ANTIQUE WHITE,17,-910.95,921,1.81
23236,STORAGE TIN VINTAGE DOILY,17,-95.37,339,4.78
23240,SET OF 4 KNICK KNACK TINS DOILY,17,-206.7,550,3.0
23118,PARISIENNE JEWELLERY DRAWER,17,-180.0,258,6.18
22457,NATURAL SLATE HEART CHALKBOARD,17,-152.6,1263,1.33
22892,SET OF SALT AND PEPPER TOADSTOOLS,17,-115.19,200,7.83
22356,CHARLOTTE BAG PINK POLKADOT,17,-201.53,758,2.19
22501,PICNIC BASKET WICKER LARGE,17,-873.2,447,3.66
21931,JUMBO STORAGE BAG SUKI,17,-602.33,1197,1.4
22328,ROUND SNACK BOXES SET OF 4 FRUITS,16,-1691.5,595,2.62
23111,PARISIENNE SEWING BOX,16,-283.2,139,10.32
21539,RED RETROSPOT BUTTER DISH,16,-108.95,242,6.2
22725,ALARM CLOCK BAKELIKE CHOCOLATE,16,-187.5,437,3.53
21535,RED RETROSPOT SMALL MILK JUG,16,-80.7,353,4.34
22191,IVORY DINER WALL CLOCK,16,-2653.7,425,3.63
22139,RETROSPOT TEA SET CERAMIC 11 PC,16,-195.3,972,1.62
22470,HEART OF WICKER LARGE,16,-189.5,944,1.67
20724,RED RETROSPOT CHARLOTTE BAG,16,-170.31,1047,1.51
22766,PHOTO FRAME CORNICE,16,-156.35,517,3.0
CRUK,CRUK Commission,16,-7933.43,0,100.0
22429,ENAMEL MEASURING JUG CREAM,16,-140.25,387,3.97
20979,36 PENCILS TUBE RED RETROSPOT,16,-200.0,329,4.64
22617,BAKING SET SPACEBOY DESIGN,15,-142.15,467,3.11
22730,ALARM CLOCK BAKELIKE IVORY,15,-195.0,579,2.53
22198,LARGE POPCORN HOLDER,15,-69.35,86,14.85
22064,PINK DOUGHNUT TRINKET POT,15,-57.6,250,5.66
21877,HOME SWEET HOME MUG,15,-1134.32,355,4.05
22840,ROUND CAKE TIN VINTAGE RED,15,-158.0,274,5.19
22061,LARGE CAKE STAND  HANGING STRAWBERY,15,-149.05,147,9.26
21212,PACK OF 72 RETROSPOT CAKE CASES,15,-199.38,1370,1.08
23084,RABBIT NIGHT LIGHT,15,-208.4,1036,1.43
85053,FRENCH ENAMEL CANDLEHOLDER,14,-57.16,330,4.07
23198,PANTRY MAGNETIC  SHOPPING LIST,14,-92.8,489,2.78
23404,HOME SWEET HOME BLACKBOARD,14,-143.55,169,7.65
22654,DELUXE SEWING KIT,14,-193.35,331,4.06
22636,CHILDS BREAKFAST SET CIRCUS PARADE,14,-239.7,198,6.6
22842,BISCUIT TIN VINTAGE RED,14,-127.45,162,7.95
23201,JUMBO BAG ALPHABET,14,-1076.02,916,1.51
85099C,JUMBO  BAG BAROQUE BLACK WHITE,14,-510.88,946,1.46
22838,3 TIER CAKE TIN RED AND CREAM,14,-1671.6,168,7.69
23155,KNICKERBOCKERGLORY MAGNET ASSORTED,14,-129.71,137,9.27
21671,RED SPOT CERAMIC DRAWER KNOB,14,-214.81,374,3.61
22364,GLASS JAR DIGESTIVE BISCUITS,14,-182.45,168,7.69
21733,RED HANGING HEART T-LIGHT HOLDER,13,-152.95,760,1.68
79191C,RETRO PLASTIC ELEPHANT TRAY,13,-134.3,65,16.67
85159B,"WHITE TEA,COFFEE,SUGAR JARS",13,-86.54,59,18.06
21155,RED RETROSPOT PEG BAG,13,-510.6,493,2.57
21452,TOADSTOOL MONEY BOX,13,-83.15,186,6.53
23485,BOTANICAL GARDENS WALL CLOCK,13,-407.4,83,13.54
23206,LUNCH BAG APPLE DESIGN,13,-97.15,1071,1.2
22961,JAM MAKING SET PRINTED,13,-425.75,1169,1.1
22627,MINT KITCHEN SCALES,13,-117.21,360,3.49
22427,ENAMEL FLOWER JUG CREAM,13,-243.9,512,2.48
22386,JUMBO BAG PINK POLKADOT,13,-816.58,1238,1.04
22781,GUMBALL MAGAZINE RACK,13,-352.35,233,5.28
22156,HEART DECORATION WITH PEARLS,13,-88.21,263,4.71
23173,REGENCY TEAPOT ROSES,13,-436.4,425,2.97
85099F,JUMBO BAG STRAWBERRY,13,-448.49,824,1.55
22461,SAVOY ART DECO CLOCK,13,-173.45,53,19.7
23207,LUNCH BAG ALPHABET DESIGN,13,-659.6,767,1.67
21735,TWO DOOR CURIO CABINET,13,-382.95,83,13.54
22382,LUNCH BAG SPACEBOY DESIGN,13,-242.35,1179,1.09
21929,JUMBO BAG PINK VINTAGE PAISLEY,12,-387.07,873,1.36
22890,NOVELTY BISCUITS CAKE STAND 3 TIER,12,-268.25,171,6.56
22367,CHILDRENS APRON SPACEBOY DESIGN,12,-70.2,559,2.1
22355,CHARLOTTE BAG SUKI DESIGN,12,-113.59,899,1.32
22180,RETROSPOT LAMP,12,-194.65,156,7.14
22910,PAPER CHAIN KIT VINTAGE CHRISTMAS,12,-931.45,838,1.41
37495,FAIRY CAKE BIRTHDAY CANDLE SET,12,-183.75,92,11.54
37450,CERAMIC CAKE BOWL + HANGING CAKES,12,-96.2,139,7.95
21871,SAVE THE PLANET MUG,12,-740.94,362,3.21
20723,STRAWBERRY CHARLOTTE BAG,12,-62.71,730,1.62
84879,ASSORTED COLOUR BIRD ORNAMENT,12,-135.2,1489,0.8
84755,COLOUR GLASS T-LIGHT HOLDER HANGING,12,-44.85,628,1.88
22942,CHRISTMAS LIGHTS 10 SANTAS,12,-604.35,154,7.23
23298,SPOTTY BUNTING,12,-482.81,1165,1.02
23170,REGENCY TEA PLATE ROSES,12,-1046.3,446,2.62
21731,RED TOADSTOOL LED NIGHT LIGHT,12,-281.3,862,1.37
37448,CERAMIC CAKE DESIGN SPOTTED MUG,12,-67.05,194,5.83
23462,ROCOCO WALL MIRROR WHITE,12,-350.1,46,20.69
22978,PANTRY ROLLING PIN,12,-272.61,239,4.78
37446,MINI CAKE STAND WITH HANGING CAKES,12,-88.85,194,5.83
22963,JAM JAR WITH GREEN LID,12,-90.86,310,3.73
22411,JUMBO SHOPPER VINTAGE RED PAISLEY,12,-622.47,1190,1.0
21430,SET/3 RED GINGHAM ROSE STORAGE BOX,12,-144.03,482,2.43
21936,RED RETROSPOT PICNIC BAG,12,-157.1,534,2.2
22722,SET OF 6 SPICE TINS PANTRY DESIGN,12,-118.0,858,1.38
22333,RETROSPOT PARTY BAG + STICKER SET,12,-135.3,322,3.59
21844,RED RETROSPOT MUG,11,-58.6,158,6.51
21531,RED RETROSPOT SUGAR JAM BOWL,11,-36.45,252,4.18
22998,TRAVEL CARD WALLET KEEP CALM,11,-74.34,546,1.97
22801,ANTIQUE GLASS PEDESTAL BOWL,11,-70.89,226,4.64
22628,PICNIC BOXES SET OF 3 RETROSPOT,11,-103.95,192,5.42
21533,RETROSPOT LARGE MILK JUG,11,-147.9,350,3.05
22900,SET 2 TEA TOWELS I LOVE LONDON,11,-552.6,553,1.95
23175,REGENCY MILK JUG PINK,11,-225.5,332,3.21
21166,COOK WITH WINE METAL SIGN,11,-161.1,734,1.48
22865,HAND WARMER OWL DESIGN,11,-258.05,676,1.6
82484,WOOD BLACK BOARD ANT WHITE FINISH,11,-170.95,687,1.58
22236,CAKE STAND 3 TIER MAGIC GARDEN,11,-508.95,88,11.11
22558,CLOTHES PEGS RETROSPOT PACK 24,11,-66.58,781,1.39
22943,CHRISTMAS LIGHTS 10 VINTAGE BAUBLES,11,-165.5,211,4.95
21218,RED SPOTTY BISCUIT TIN,11,-165.25,398,2.69
23209,LUNCH BAG VINTAGE DOILY,11,-65.8,1123,0.97
22464,HANGING METAL HEART LANTERN,11,-186.9,359,2.97
71459,HANGING JAM JAR T-LIGHT HOLDER,11,-105.88,441,2.43
22469,HEART OF WICKER SMALL,11,-207.95,1226,0.89
23494,VINTAGE DOILY DELUXE SEWING KIT,11,-386.75,208,5.02
22301,COFFEE MUG CAT + BIRD DESIGN,11,-59.4,256,4.12
22990,COTTON APRON PANTRY DESIGN,11,-553.7,168,6.15
23032,DRAWER KNOB CRACKLE GLAZE IVORY,11,-75.9,207,5.05
23301,GARDENERS KNEELING PAD KEEP CALM,11,-168.9,926,1.17
22839,3 TIER CAKE TIN GREEN AND CREAM,10,-209.3,204,4.67
23064,CINDERELLA CHANDELIER,10,-1514.05,23,30.3
21928,JUMBO BAG SCANDINAVIAN BLUE PAISLEY,10,-484.53,813,1.22
22556,PLASTERS IN TIN CIRCUS PARADE,10,-108.9,581,1.69
22086,PAPER CHAIN KIT 50'S CHRISTMAS,10,-1160.35,1200,0.83
21216,"SET 3 RETROSPOT TEA,COFFEE,SUGAR",10,-78.5,439,2.23
84947,ANTIQUE SILVER TEA GLASS ENGRAVED,10,-38.29,361,2.7
23322,LARGE WHITE HEART OF WICKER,10,-169.85,583,1.69
22630,DOLLY GIRL LUNCH BOX,10,-478.65,871,1.14
22968,ROSE COTTAGE KEEPSAKE BOX,10,-188.85,190,5.0
21868,POTTING SHED TEA MUG,10,-99.41,306,3.16
22492,MINI PAINT SET VINTAGE,10,-127.4,380,2.56
22791,T-LIGHT GLASS FLUTED ANTIQUE,10,-192.75,351,2.77
22797,CHEST OF DRAWERS GINGHAM HEART,10,-237.3,91,9.9
23166,MEDIUM CERAMIC TOP STORAGE JAR,10,-77479.64,250,3.85
82583,HOT BATHS METAL SIGN,10,-133.46,633,1.56
21669,BLUE STRIPE CERAMIC DRAWER KNOB,10,-115.01,441,2.22
22624,IVORY KITCHEN SCALES,10,-168.3,726,1.36
23176,ABC TREASURE BOOK BOX,10,-101.25,229,4.18
23237,SET OF 4 KNICK KNACK TINS LEAF,10,-69.35,178,5.32
22303,COFFEE MUG APPLES DESIGN,10,-171.15,263,3.66
21559,STRAWBERRY LUNCH BOX WITH CUTLERY,10,-35.25,586,1.68
22371,AIRLINE BAG VINTAGE TOKYO 78,10,-57.78,400,2.44
21528,DAIRY MAID TRADITIONAL TEAPOT,10,-93.3,114,8.06
21313,GLASS HEART T-LIGHT HOLDER,10,-23.62,216,4.42
21668,RED STRIPE CERAMIC DRAWER KNOB,10,-102.67,448,2.18
21754,HOME BUILDING BLOCK WORD,10,-118.6,796,1.24
21181,PLEASE ONE PERSON METAL SIGN,10,-169.7,865,1.14
72807C,SET/3 VANILLA SCENTED CANDLE IN BOX,10,-516.7,157,5.99
71053,WHITE METAL LANTERN,9,-139.77,346,2.54
22488,NATURAL SLATE RECTANGLE CHALKBOARD,9,-57.75,418,2.11
22220,CAKE STAND LOVEBIRD 2 TIER WHITE,9,-201.5,87,9.38
23172,REGENCY TEA PLATE PINK,9,-154.3,306,2.86
22502,PICNIC BASKET WICKER SMALL,9,-385.25,469,1.88
21429,RED GINGHAM ROSE JEWELLERY BOX,9,-74.1,293,2.98
22231,JIGSAW TREE WITH BIRDHOUSE,9,-95.05,149,5.7
22072,RED RETROSPOT TEA CUP AND SAUCER,9,-71.25,171,5.0
22845,VINTAGE CREAM CAT FOOD CONTAINER,9,-88.1,318,2.75
22993,SET OF 4 PANTRY JELLY MOULDS,9,-85.0,1102,0.81
21876,POTTERING MUG,9,-58.9,336,2.61
21730,GLASS STAR FROSTED T-LIGHT HOLDER,9,-68.6,132,6.38
22352,LUNCH BOX WITH CUTLERY RETROSPOT,9,-40.8,489,1.81
21238,RED RETROSPOT CUP,9,-43.22,391,2.25
22665,RECIPE BOX BLUE SKETCHBOOK DESIGN,9,-62.1,357,2.46
22988,SOLDIERS EGG CUP,9,-132.78,430,2.05
35004B,SET OF 3 BLACK FLYING DUCKS,9,-136.8,112,7.44
22646,CERAMIC STRAWBERRY CAKE MONEY BANK,9,-41.9,395,2.23
22193,RED DINER WALL CLOCK,9,-192.95,463,1.91
22841,ROUND CAKE TIN VINTAGE GREEN,9,-103.35,214,4.04
23092,LARGE ANTIQUE WHITE PHOTO FRAME,9,-77.75,136,6.21
21915,RED  HARMONICA IN BOX,9,-83.75,667,1.33
20712,JUMBO BAG WOODLAND ANIMALS,9,-426.46,869,1.03
23031,DRAWER KNOB CRACKLE GLAZE PINK,9,-33.0,157,5.42
23239,SET OF 4 KNICK KNACK TINS POPPIES,9,-115.8,186,4.62
22168,ORGANISER WOOD ANTIQUE WHITE,9,-110.5,76,10.59
23167,SMALL CERAMIC TOP STORAGE JAR,9,-365.19,238,3.64
22149,FELTCRAFT 6 FLOWER FRIENDS,9,-1158.3,559,1.58
23256,CHILDRENS CUTLERY SPACEBOY,8,-338.0,374,2.09
22244,3 HOOK HANGER MAGIC GARDEN,8,-31.2,162,4.71
35400,WOODEN BOX ADVENT CALENDAR,8,-135.2,5,61.54
23238,SET OF 4 KNICK KNACK TINS LONDON,8,-65.6,285,2.73
23002,TRAVEL CARD WALLET SKULLS,8,-53.76,197,3.9
23194,GYMKHANA TREASURE BOOK BOX,8,-83.25,221,3.49
22568,FELTCRAFT CUSHION OWL,8,-1028.82,480,1.64
23204,CHARLOTTE BAG APPLES DESIGN,8,-138.34,586,1.35
85040A,S/4 PINK FLOWER CANDLES IN BOWL,8,-28.05,171,4.47
22632,HAND WARMER RED RETROSPOT,8,-59.15,405,1.94
22655,VINTAGE RED KITCHEN CABINET,8,-1730.5,38,17.39
22212,FOUR HOOK  WHITE LOVEBIRDS,8,-50.4,410,1.91
22065,CHRISTMAS PUDDING TRINKET POT,8,-22.02,256,3.03
21485,RETROSPOT HEART HOT WATER BOTTLE,8,-99.0,647,1.22
22112,CHOCOLATE HOT WATER BOTTLE,8,-548.88,880,0.9
22997,TRAVEL CARD WALLET UNION JACK,8,-32.76,227,3.4
22843,BISCUIT TIN VINTAGE GREEN,8,-67.5,127,5.93
22780,LIGHT GARLAND BUTTERFILES PINK,8,-106.25,134,5.63
22635,CHILDS BREAKFAST SET DOLLY GIRL,8,-727.05,196,3.92
72741,GRAND CHOCOLATECANDLE,8,-36.25,295,2.64
22357,KINGS CHOICE BISCUIT TIN,8,-76.5,180,4.26
22804,CANDLEHOLDER PINK HANGING HEART,8,-455.2,487,1.62
20719,WOODLAND CHARLOTTE BAG,8,-87.4,848,0.93
22848,BREAD BIN DINER STYLE PINK,8,-176.45,129,5.84
22992,REVOLVER WOODEN RULER,8,-1193.4,359,2.18
21781,MA CAMPAGNE CUTLERY BOX,8,-283.15,102,7.27
23355,HOT WATER BOTTLE KEEP CALM,8,-417.6,805,0.98
21927,BLUE/CREAM STRIPE CUSHION COVER,8,-48.75,100,7.41
84991,60 TEATIME FAIRY CAKE CASES,8,-95.7,863,0.92
22844,VINTAGE CREAM DOG FOOD CONTAINER,8,-227.8,421,1.86
22147,FELTCRAFT BUTTERFLY HEARTS,8,-1103.65,498,1.58
22972,CHILDREN'S SPACEBOY MUG,8,-56.1,233,3.32
84078A,SET/4 WHITE RETRO STORAGE CUBES,8,-1248.25,155,4.91
21673,WHITE SPOT BLUE CERAMIC DRAWER KNOB,8,-143.95,375,2.09
22662,LUNCH BAG DOLLY GIRL DESIGN,8,-28.05,698,1.13
22849,BREAD BIN DINER STYLE MINT,8,-234.25,131,5.76
22087,PAPER BUNTING WHITE LACE,8,-223.8,334,2.34
23254,CHILDRENS CUTLERY DOLLY GIRL,8,-83.0,307,2.54
21530,DAIRY MAID TOASTRACK,8,-48.19,105,7.08
23205,CHARLOTTE BAG VINTAGE ALPHABET,8,-140.25,472,1.67
21534,DAIRY MAID LARGE MILK JUG,8,-64.35,162,4.71
84380,SET OF 3 BUTTERFLY COOKIE CUTTERS,8,-98.75,699,1.13
21259,VICTORIAN SEWING BOX SMALL,8,-92.2,287,2.71
23348,CHILDRENS TOY COOKING UTENSIL SET,8,-47.26,173,4.42
35004C,SET OF 3 COLOURED  FLYING DUCKS,8,-170.6,39,17.02
21845,DAIRY MAID STRIPE MUG,8,-75.64,83,8.79
22551,PLASTERS IN TIN SPACEBOY,8,-47.85,689,1.15
22629,SPACEBOY LUNCH BOX,8,-92.7,916,0.87
22158,3 HEARTS HANGING DECORATION RUSTIC,8,-71.75,315,2.48
22606,WOODEN SKITTLES GARDEN SET,8,-118.25,145,5.23
22418,10 COLOUR SPACEBOY PEN,8,-146.2,319,2.45
21463,MIRRORED DISCO BALL,8,-216.9,136,5.56
22969,HOMEMADE JAM SCENTED CANDLES,8,-185.8,647,1.22
23250,VINTAGE RED TRIM ENAMEL BOWL,8,-141.8,110,6.78
23470,CARD HOLDER LOVE BIRD LARGE,8,-70.7,84,8.7
21156,RETROSPOT CHILDRENS APRON,8,-76.05,361,2.17
23029,DRAWER KNOB CRACKLE GLAZE GREEN,8,-46.2,156,4.88
22059,CERAMIC STRAWBERRY DESIGN MUG,8,-35.76,184,4.17
22442,GROW YOUR OWN FLOWERS SET OF 3,7,-87.45,78,8.24
23079,TOADSTOOL BEDSIDE LIGHT,7,-125.3,109,6.03
22090,PAPER BUNTING RETROSPOT,7,-196.4,804,0.86
22192,BLUE DINER WALL CLOCK,7,-168.3,365,1.88
21481,FAWN BLUE HOT WATER BOTTLE,7,-239.6,505,1.37
21175,GIN + TONIC DIET METAL SIGN,7,-3775.33,818,0.85
22465,HANGING METAL STAR LANTERN,7,-42.15,202,3.35
23080,RED METAL BOX TOP SECRET,7,-90.75,264,2.58
48138,DOORMAT UNION FLAG,7,-97.5,620,1.12
22974,CHILDRENS DOLLY GIRL MUG,7,-33.0,209,3.24
20711,JUMBO BAG TOYS,7,-40.31,524,1.32
22762,CUPBOARD 3 DRAWER MA CAMPAGNE,7,-244.9,112,5.88
23343,JUMBO BAG VINTAGE CHRISTMAS,7,-505.68,489,1.41
23089,GLASS BON BON JAR,7,-25.65,229,2.97
23197,SKETCHBOOK MAGNETIC SHOPPING LIST,7,-36.25,252,2.7
22494,EMERGENCY FIRST AID TIN,7,-50.0,246,2.77
22834,HAND WARMER BABUSHKA DESIGN,7,-306.05,379,1.81
22111,SCOTTIE DOG HOT WATER BOTTLE,7,-544.45,791,0.88
23056,FLOWERS CHANDELIER T-LIGHT HOLDER,7,-1859.07,43,14.0
22964,3 PIECE SPACEBOY COOKIE CUTTER SET,7,-29.4,384,1.79
15056N,EDWARDIAN PARASOL NATURAL,7,-337.45,460,1.5
21217,RED RETROSPOT ROUND CAKE TINS,7,-89.55,345,1.99
23235,STORAGE TIN VINTAGE LEAF,7,-40.46,108,6.09
23344,JUMBO BAG 50'S CHRISTMAS,7,-486.96,732,0.95
23300,GARDENERS KNEELING PAD CUP OF TEA,7,-231.6,773,0.9
22605,WOODEN CROQUET GARDEN SET,7,-97.0,300,2.28
21340,CLASSIC METAL BIRDCAGE PLANT HOLDER,7,-298.2,294,2.33
21670,BLUE SPOT CERAMIC DRAWER KNOB,7,-96.25,381,1.8
84279P,CHERRY BLOSSOM  DECORATIVE FLASK,7,-60.0,130,5.11
22946,WOODEN ADVENT CALENDAR CREAM,7,-237.75,139,4.79
22553,PLASTERS IN TIN SKULLS,7,-138.6,585,1.18
21672,WHITE SPOT RED CERAMIC DRAWER KNOB,7,-77.55,419,1.64
23252,VINTAGE RED ENAMEL TRIM JUG,7,-123.75,141,4.73
23284,DOORMAT KEEP CALM AND COME IN,7,-1601.25,735,0.94
22055,MINI CAKE STAND  HANGING STRAWBERY,7,-37.75,226,3.0
20685,DOORMAT RED RETROSPOT,7,-461.22,699,0.99
21874,GIN AND TONIC MUG,7,-27.71,297,2.3
22430,ENAMEL WATERING CAN CREAM,7,-99.0,200,3.38
22927,GREEN GIANT GARDEN THERMOMETER,7,-83.3,148,4.52
47566B,TEA TIME PARTY BUNTING,7,-3692.95,369,1.86
22909,SET OF 20 VINTAGE CHRISTMAS NAPKINS,7,-195.19,633,1.09
23148,MINIATURE ANTIQUE ROSE HOOK IVORY,7,-10.79,257,2.65
22381,TOY TIDY PINK POLKADOT,7,-56.45,475,1.45
84818,DANISH ROSE PHOTO FRAME,7,-101.45,100,6.54
23318,BOX OF 6 MINI VINTAGE CRACKERS,7,-368.71,384,1.79
23249,VINTAGE RED ENAMEL TRIM PLATE,7,-87.71,82,7.87
22633,HAND WARMER UNION JACK,7,-54.6,508,1.36
22362,GLASS JAR PEACOCK BATH SALTS,7,-97.35,133,5.0
21537,RED RETROSPOT PUDDING BOWL,7,-208.75,62,10.14
21937,STRAWBERRY   PICNIC BAG,6,-47.2,253,2.32
21622,VINTAGE UNION JACK CUSHION COVER,6,-89.1,106,5.36
22907,PACK OF 20 NAPKINS PANTRY DESIGN,6,-44.2,703,0.85
23486,ANTIQUE HEART SHELF UNIT,6,-199.65,74,7.5
22835,HOT WATER BOTTLE I AM SO POORLY,6,-1679.7,673,0.88
23193,BUFFALO BILL TREASURE BOOK BOX,6,-45.0,181,3.21
21642,ASSORTED TUTTI FRUTTI PEN,6,-46.54,104,5.45
37447,CERAMIC CAKE DESIGN SPOTTED PLATE,6,-23.89,115,4.96
35970,ZINC FOLKART SLEIGH BELLS,6,-121.17,470,1.26
23147,SINGLE ANTIQUE ROSE HOOK IVORY,6,-21.75,266,2.21
22779,WOODEN OWLS LIGHT GARLAND,6,-106.25,154,3.75
22760,"TRAY, BREAKFAST IN BED",6,-74.7,80,6.98
22656,VINTAGE BLUE KITCHEN CABINET,6,-800.0,20,23.08
85232B,SET OF 3 BABUSHKA STACKING TINS,6,-1258.05,14,30.0
84817,DANISH ROSE DECORATIVE PLATE,6,-77.7,56,9.68
23182,TOILET SIGN OCCUPIED OR VACANT,6,-11.62,446,1.33
22327,ROUND SNACK BOXES SET OF 4 SKULLS,6,-44.25,298,1.97
22923,FRIDGE MAGNETS LES ENFANTS ASSORTED,6,-134.0,81,6.9
21906,PHARMACIE FIRST AID TIN,6,-114.75,174,3.33
22060,LARGE CAKE STAND HANGING HEARTS,6,-87.2,37,13.95
22460,EMBOSSED GLASS TEALIGHT HOLDER,6,-23.75,213,2.74
22325,MOBILE VINTAGE HEARTS,6,-64.35,94,6.0
21891,TRADITIONAL WOODEN SKIPPING ROPE,6,-59.32,444,1.33
20713,JUMBO BAG OWLS,6,-431.43,667,0.89
20749,ASSORTED COLOUR MINI CASES,6,-63.6,388,1.52
23020,GLASS  SONGBIRD STORAGE JAR,6,-73.65,76,7.32
22173,METAL 4 HOOK HANGER FRENCH CHATEAU,6,-279.77,500,1.19
84029E,RED WOOLLY HOTTIE WHITE HEART.,6,-256.45,443,1.34
23393,HOME SWEET HOME CUSHION COVER,6,-78.75,236,2.48
21428,SET3 BOOK BOX GREEN GINGHAM FLOWER,6,-136.25,263,2.23
23082,SET 6 PAPER TABLE LANTERN HEARTS,6,-103.16,307,1.92
23075,PARLOUR CERAMIC WALL HOOK,6,-141.1,83,6.74
21703,BAG 125g SWIRLY MARBLES,6,-36.54,298,1.97
22994,TRAVEL CARD WALLET RETROSPOT,6,-12.6,221,2.64
85159A,"BLACK TEA,COFFEE,SUGAR JARS",6,-82.4,47,11.32
23200,JUMBO BAG PEARS,6,-243.63,602,0.99
20829,GLITTER HANGING BUTTERFLY STRING,6,-205.26,200,2.91
23202,JUMBO BAG VINTAGE LEAF,6,-442.46,889,0.67
22800,ANTIQUE TALL SWIRLGLASS TRINKET POT,6,-37.5,204,2.86
79321,CHILLI LIGHTS,6,-349.7,670,0.89
22991,GIRAFFE WOODEN RULER,6,-1185.9,281,2.09
22924,FRIDGE MAGNETS LA VIE EN ROSE,6,-240.25,89,6.32
22926,IVORY GIANT GARDEN THERMOMETER,6,-89.25,199,2.93
22179,SET 10 NIGHT OWL LIGHTS,6,-178.95,293,2.01
84406B,CREAM CUPID HEARTS COAT HANGER,6,-162.5,287,2.05
84970S,HANGING HEART ZINC T-LIGHT HOLDER,6,-20.2,540,1.1
23487,SWEET HEART CAKE CARRIER,6,-89.55,44,12.0
22945,CHRISTMAS METAL TAGS ASSORTED,6,-200.58,177,3.28
23057,BEADED CHANDELIER T-LIGHT HOLDER,6,-636.15,48,11.11
23292,SPACEBOY CHILDRENS CUP,6,-26.25,224,2.61
22596,CHRISTMAS STAR WISH LIST CHALKBOARD,6,-30.72,268,2.19
40001,WHITE BAMBOO RIBS LAMPSHADE,6,-12.16,56,9.68
23126,FELTCRAFT GIRL AMELIE KIT,6,-79.2,298,1.97
72802B,OCEAN SCENT CANDLE IN JEWELLED BOX,6,-662.24,82,6.82
22980,PANTRY SCRUBBING BRUSH,6,-124.05,297,1.98
22591,CARDHOLDER GINGHAM CHRISTMAS TREE,6,-156.05,86,6.52
22380,TOY TIDY SPACEBOY,6,-77.7,290,2.03
23319,BOX OF 6 MINI 50'S CRACKERS,6,-244.97,419,1.41
22098,BOUDOIR SQUARE TISSUE BOX,6,-30.11,180,3.23
21363,HOME SMALL WOOD LETTERS,6,-69.3,130,4.41
22361,GLASS JAR DAISY FRESH COTTON WOOL,6,-35.0,271,2.17
22077,6 RIBBONS RUSTIC CHARM,6,-56.1,980,0.61
22867,HAND WARMER BIRD DESIGN,6,-111.3,568,1.05
23296,SET OF 6 TEA TIME BAKING CASES,6,-33.75,383,1.54
21977,PACK OF 60 PINK PAISLEY CAKE CASES,6,-55.55,890,0.67
23113,PANTRY CHOPPING BOARD,6,-4803.06,57,9.52
21974,SET OF 36 PAISLEY FLOWER DOILIES,6,-88.45,360,1.64
22273,FELTCRAFT DOLL MOLLY,6,-3512.65,338,1.74
22859,EASTER TIN BUNNY BOUQUET,6,-52.8,161,3.59
20682,RED RETROSPOT CHILDRENS UMBRELLA,6,-65.0,239,2.45
21318,GLASS CHALICE BLUE SMALL,5,-16.71,51,8.93
22114,HOT WATER BOTTLE TEA AND SYMPATHY,5,-310.1,650,0.76
20718,RED RETROSPOT SHOPPER BAG,5,-42.99,581,0.85
23171,REGENCY TEA PLATE GREEN,5,-146.25,383,1.29
22973,CHILDREN'S CIRCUS PARADE MUG,5,-36.3,146,3.31
23244,ROUND STORAGE TIN VINTAGE LEAF,5,-16.95,112,4.27
23048,SET OF 10 LANTERNS FAIRY LIGHT STAR,5,-136.95,106,4.5
21240,BLUE POLKADOT CUP,5,-30.34,329,1.5
21137,BLACK RECORD COVER FRAME,5,-55.17,379,1.3
23328,SET 6 SCHOOL MILK BOTTLES IN CRATE,5,-29.64,413,1.2
21042,RED RETROSPOT APRON,5,-34.4,135,3.57
21713,CITRONELLA CANDLE FLOWERPOT,5,-32.35,162,2.99
22832,BROCANTE SHELF WITH HOOKS,5,-75.25,76,6.17
72807A,SET/3 ROSE CANDLE IN JEWELLED BOX,5,-38.25,109,4.39
22940,FELTCRAFT CHRISTMAS FAIRY,5,-99.5,334,1.47
15056BL,EDWARDIAN PARASOL BLACK,5,-652.5,321,1.53
22623,BOX OF VINTAGE JIGSAW BLOCKS,5,-85.2,237,2.07
22925,BLUE GIANT GARDEN THERMOMETER,5,-47.6,184,2.65
23229,VINTAGE DONKEY TAIL GAME,5,-40.89,256,1.92
22232,JIGSAW TOADSTOOLS 3 PIECE,5,-54.72,83,5.68
22094,RED RETROSPOT TISSUE BOX,5,-39.97,209,2.34
23085,ANTIQUE SILVER BAUBLE LAMP,5,-128.75,87,5.43
23177,TREASURE ISLAND BOOK BOX,5,-45.0,273,1.8
84929,ASSTD FRUIT+FLOWERS FRIDGE MAGNETS,5,-168.49,65,7.14
22866,HAND WARMER SCOTTY DOG DESIGN,5,-209.1,580,0.85
84625C,BLUE NEW BAROQUE CANDLESTICK CANDLE,5,-41.65,35,12.5
22070,SMALL RED RETROSPOT MUG IN BOX,5,-336.54,118,4.07
23295,SET OF 12 MINI LOAF BAKING CASES,5,-10.79,455,1.09
23012,GLASS APOTHECARY BOTTLE PERFUME,5,-31.6,251,1.95
21888,BINGO SET,5,-56.25,380,1.3
22189,CREAM HEART CARD HOLDER,5,-31.6,531,0.93
85034C,3 ROSE MORRIS BOXED CANDLES,5,-73.0,169,2.87
22109,FULL ENGLISH BREAKFAST PLATE,5,-114.39,301,1.63
82580,BATHROOM METAL SIGN,5,-127.0,636,0.78
85178,VICTORIAN SEWING KIT,5,-322.85,142,3.4
23395,BELLE JARDINIERE CUSHION COVER,5,-26.25,220,2.22
22071,SMALL WHITE RETROSPOT MUG IN BOX,5,-180.5,89,5.32
84077,WORLD WAR 2 GLIDERS ASSTD DESIGNS,5,-253.92,537,0.92
21209,MULTICOLOUR HONEYCOMB FAN,5,-8.33,89,5.32
22897,OVEN MITT APPLES DESIGN,5,-60.9,213,2.29
22893,MINI CAKE STAND T-LIGHT HOLDER,5,-8.82,143,3.38
11001,ASSTD DESIGN RACING CAR PEN,5,-237.05,115,4.17
22622,BOX OF VINTAGE ALPHABET BLOCKS,5,-151.35,267,1.84
23006,TRAVEL CARD WALLET FLOWER MEADOW,5,-32.76,174,2.79
23247,BISCUIT TIN 50'S CHRISTMAS,5,-118.54,315,1.56
22752,SET 7 BABUSHKA NESTING BOXES,5,-952.0,384,1.29
22979,PANTRY WASHING UP BRUSH,5,-117.55,390,1.27
23293,SET OF 12 FAIRY CAKE BAKING CASES,5,-26.56,562,0.88
22631,CIRCUS PARADE LUNCH BOX,5,-64.35,405,1.22
21714,CITRONELLA CANDLE GARDEN POT,5,-25.0,228,2.15
22971,QUEENS GUARD COFFEE MUG,5,-37.65,274,1.79
21210,SET OF 72 RETROSPOT PAPER  DOILIES,5,-173.65,457,1.08
84816,DANISH ROSE BEDSIDE CABINET,5,-239.7,10,33.33
22170,PICTURE FRAME WOOD TRIPLE PORTRAIT,5,-118.65,265,1.85
21626,VINTAGE UNION JACK PENNANT,5,-42.9,101,4.72
23234,BISCUIT TIN VINTAGE CHRISTMAS,5,-46.24,280,1.75
22567,20 DOLLY PEGS RETROSPOT,5,-32.7,232,2.11
22063,CERAMIC BOWL WITH STRAWBERRY DESIGN,5,-17.7,128,3.76
22701,PINK DOG BOWL,5,-43.0,116,4.13
23251,VINTAGE RED ENAMEL TRIM MUG,5,-72.5,121,3.97
21326,AGED GLASS SILVER T-LIGHT HOLDER,5,-13.65,350,1.41
47567B,TEA TIME KITCHEN APRON,5,-46.3,141,3.42
22307,GOLD MUG BONE CHINA TREE OF LIFE,5,-45.9,75,6.25
22398,MAGNETS PACK OF 4 SWALLOWS,5,-105.0,253,1.94
23309,SET OF 60 I LOVE LONDON CAKE CASES,5,-48.4,430,1.15
22151,PLACE SETTING WHITE HEART,5,-321.96,340,1.45
23302,KNEELING MAT HOUSEWORK  DESIGN,5,-54.24,236,2.07
22507,MEMO BOARD RETROSPOT  DESIGN,5,-33.95,459,1.08
22554,PLASTERS IN TIN WOODLAND ANIMALS,5,-47.85,724,0.69
22652,TRAVEL SEWING KIT,5,-24.75,472,1.05
23241,TREASURE TIN GYMKHANA DESIGN,5,-14.56,374,1.32
22965,3 TRADITIONAl BISCUIT CUTTERS  SET,5,-79.8,239,2.05
47594A,CAROUSEL DESIGN WASHBAG,5,-17.55,50,9.09
51014C,"FEATHER PEN,COAL BLACK",5,-80.34,177,2.75
35924,HANGING FAIRY CAKE DECORATION,5,-302.51,74,6.33
22922,FRIDGE MAGNETS US DINER ASSORTED,5,-183.3,102,4.67
21257,VICTORIAN SEWING BOX MEDIUM,5,-88.4,263,1.87
22505,MEMO BOARD COTTAGE DESIGN,5,-24.75,317,1.55
23307,SET OF 60 PANTRY DESIGN CAKE CASES,5,-48.4,654,0.76
22379,RECYCLING BAG RETROSPOT,5,-122.65,755,0.66
21169,YOU'RE CONFUSING ME METAL SIGN,5,-29.22,464,1.07
21424,WOODLAND STORAGE BOX LARGE,5,-14.75,70,6.67
82581,TOILET METAL SIGN,5,-11.16,406,1.22
22951,60 CAKE CASES DOLLY GIRL DESIGN,5,-66.0,453,1.09
22300,COFFEE MUG DOG + BALL DESIGN,5,-33.15,199,2.45
23055,IVORY CHANDELIER T-LIGHT HOLDER,5,-690.72,41,10.87
22083,PAPER CHAIN KIT RETROSPOT,5,-165.2,614,0.81
21875,KINGS CHOICE MUG,5,-35.0,149,3.25
21890,S/6 WOODEN SKITTLES IN COTTON BAG,5,-18.4,238,2.06
23263,SET OF 3 WOODEN HEART DECORATIONS,5,-58.75,487,1.02
20971,PINK BLUE FELT CRAFT TRINKET BOX,5,-2778.77,533,0.93
23397,FOOT STOOL HOME SWEET HOME,5,-59.7,217,2.25
37370,RETRO COFFEE MUGS ASSORTED,5,-27.8,166,2.92
22914,BLUE COAT RACK PARIS FASHION,4,-24.75,156,2.5
21899,GARAGE KEY FOB,4,-27.95,284,1.39
22771,CLEAR DRAWER KNOB ACRYLIC EDWARDIAN,4,-37.5,454,0.87
84378,SET OF 3 HEART COOKIE CUTTERS,4,-90.0,696,0.57
23275,SET OF 3 HANGING OWLS OLLIE BEAK,4,-95.41,341,1.16
22644,CERAMIC CHERRY CAKE MONEY BANK,4,-13.05,278,1.42
48129,DOORMAT TOPIARY,4,-159.15,206,1.9
23407,SET OF 2 TRAYS HOME SWEET HOME,4,-59.7,134,2.9
23273,HEART T-LIGHT HOLDER WILLIE WINKIE,4,-6.6,113,3.42
72802A,ROSE SCENT CANDLE IN JEWELLED BOX,4,-16.12,65,5.8
22770,MIRROR CORNICE,4,-59.8,62,6.06
84032B,CHARLIE + LOLA RED HOT WATER BOTTLE,4,-133.5,258,1.53
15034,PAPER POCKET TRAVELING FAN,4,-108.29,138,2.82
23321,SMALL WHITE HEART OF WICKER,4,-64.35,653,0.61
23221,REINDEER HEART DECORATION SILVER,4,-48.14,150,2.6
22690,DOORMAT HOME SWEET HOME BLUE,4,-48.3,288,1.37
15058A,BLUE POLKADOT GARDEN PARASOL,4,-37.35,89,4.3
82582,AREA PATROLLED METAL SIGN,4,-39.9,441,0.9
22957,SET 3 PAPER VINTAGE CHICK PAPER EGG,4,-71.9,219,1.79
22057,CERAMIC PLATE STRAWBERRY DESIGN,4,-71.52,61,6.15
20975,12 PENCILS SMALL TUBE RED RETROSPOT,4,-78.0,370,1.07
22694,WICKER STAR,4,-109.2,415,0.95
23000,TRAVEL CARD WALLET TRANSPORT,4,-16.38,281,1.4
22976,CIRCUS PARADE CHILDRENS EGG CUP,4,-46.25,147,2.65
20750,RED RETROSPOT MINI CASES,4,-47.7,387,1.02
21873,IF YOU CAN'T STAND THE HEAT MUG,4,-100.07,119,3.25
22358,KINGS CHOICE TEA CADDY,4,-23.6,258,1.53
84992,72 SWEETHEART FAIRY CAKE CASES,4,-62.14,646,0.62
21933,PINK VINTAGE PAISLEY PICNIC BAG,4,-34.45,421,0.94
22426,ENAMEL WASH BOWL CREAM,4,-45.0,210,1.87
22557,PLASTERS IN TIN VINTAGE PAISLEY,4,-44.55,585,0.68
15036,ASSORTED COLOURS SILK FAN,4,-505.68,519,0.76
23091,ZINC HERB GARDEN CONTAINER,4,-43.75,217,1.81
22788,BROCANTE COAT RACK,4,-56.8,60,6.25
22526,WHEELBARROW FOR CHILDREN,4,-76.5,79,4.82
22661,CHARLOTTE BAG DOLLY GIRL DESIGN,4,-10.79,421,0.94
22614,PACK OF 12 SPACEBOY TISSUES,4,-14.43,224,1.75
22186,RED STAR CARD HOLDER,4,-132.15,150,2.6
22196,SMALL HEART MEASURING SPOONS,4,-24.13,485,0.82
23483,HANGING  BUTTERFLY T-LIGHT HOLDER,4,-26.24,76,5.0
22607,WOODEN ROUNDERS GARDEN SET,4,-36.9,362,1.09
71279,PINK GLASS CANDLEHOLDER,4,-14.75,40,9.09
22967,SET 3 SONG BIRD PAPER EGGS ASSORTED,4,-64.9,139,2.8
23661,MILK MAIDS MUG,4,-33.0,34,10.53
22508,DOORSTOP RETROSPOT HEART,4,-82.5,300,1.32
23181,BULL DOG BOTTLE TOP WALL CLOCK,4,-33.0,82,4.65
22167,OVAL WALL MIRROR DIAMANTE,4,-49.75,157,2.48
23294,SET OF 6 SNACK LOAF BAKING CASES,4,-10.79,365,1.08
23311,VINTAGE CHRISTMAS STOCKING,4,-38.25,347,1.14
23099,FRENCH CARRIAGE LANTERN,4,-53.2,59,6.35
22150,3 STRIPEY MICE FELTCRAFT,4,-21.45,479,0.83
23187,FRENCH STYLE STORAGE JAR BONBONS,4,-16.49,75,5.06
22555,PLASTERS IN TIN STRONGMAN,4,-34.65,530,0.75
21121,SET/10 RED POLKADOT PARTY CANDLES,4,-120.0,388,1.02
21399,BLUE POLKADOT COFFEE MUG,4,-43.29,72,5.26
23004,TRAVEL CARD WALLET PANTRY,4,-77.28,227,1.73
22952,60 CAKE CASES VINTAGE CHRISTMAS,4,-140.4,649,0.61
22107,PIZZA PLATE IN BOX,4,-76.25,184,2.13
22826,LOVE SEAT ANTIQUE WHITE METAL,4,-517.5,41,8.89
22626,BLACK KITCHEN SCALES,4,-76.5,202,1.94
72802C,VANILLA SCENT CANDLE JEWELLED BOX,4,-579.81,108,3.57
22041,"RECORD FRAME 7"" SINGLE SIZE",4,-93.75,365,1.08
84347,ROTATING SILVER ANGELS T-LIGHT HLDR,4,-321.6,471,0.84
21242,RED RETROSPOT PLATE,4,-59.15,307,1.29
21623,VINTAGE UNION JACK MEMOBOARD,4,-39.8,224,1.75
22777,GLASS CLOCHE LARGE,4,-41.65,58,6.45
22719,GUMBALL MONOCHROME COAT RACK,4,-11.17,110,3.51
22645,CERAMIC HEART FAIRY CAKE MONEY BANK,4,-24.45,358,1.1
22504,CABIN BAG VINTAGE RETROSPOT,4,-132.55,68,5.56
21479,WHITE SKULL HOT WATER BOTTLE,4,-635.93,513,0.77
84029G,KNITTED UNION FLAG HOT WATER BOTTLE,4,-58.0,469,0.85
82001S,VINYL RECORD FRAME SILVER,4,-25.53,128,3.03
84792,ENCHANTED BIRD COATHANGER 5 HOOK,4,-114.69,244,1.61
22207,FRYING PAN UNION FLAG,4,-282.25,209,1.88
20981,12 PENCILS TALL TUBE WOODLAND,4,-16.15,252,1.56
21205,MULTICOLOUR 3D BALLS GARLAND,4,-51.0,71,5.33
22950,36 DOILIES VINTAGE CHRISTMAS,4,-413.65,186,2.11
23008,DOLLY GIRL BABY GIFT SET,4,-118.65,135,2.88
23208,LUNCH BAG VINTAGE LEAF DESIGN,4,-109.85,688,0.58
23297,SET 40 HEART SHAPE PETIT FOUR CASES,4,-42.9,163,2.4
21558,SKULL LUNCH BOX WITH CUTLERY,4,-10.2,423,0.94
22332,SKULLS PARTY BAG + STICKER SET,4,-39.6,150,2.6
21925,UNION STRIPE CUSHION COVER,4,-7.5,66,5.71
47590B,PINK HAPPY BIRTHDAY BUNTING,4,-124.1,397,1.0
23210,WHITE ROCKING HORSE HAND PAINTED,4,-219.76,207,1.9
20977,36 PENCILS TUBE WOODLAND,4,-93.75,188,2.08
22485,SET OF 2 WOODEN MARKET CRATES,4,-76.5,208,1.89
22141,CHRISTMAS CRAFT TREE TOP ANGEL,4,-33.6,469,0.85
23460,SWEETHEART WALL TIDY,4,-49.75,43,8.51
21208,PASTEL COLOUR HONEYCOMB FAN,4,-15.99,84,4.55
82600,NO SINGING METAL SIGN,4,-73.3,550,0.72
22363,GLASS JAR MARMALADE,4,-335.5,84,4.55
22621,TRADITIONAL KNITTING NANCY,4,-64.75,621,0.64
22113,GREY HEART HOT WATER BOTTLE,4,-104.25,591,0.67
21621,VINTAGE UNION JACK BUNTING,4,-238.0,487,0.81
22928,YELLOW GIANT GARDEN THERMOMETER,4,-35.7,115,3.36
85175,CACTI T-LIGHT CANDLES,4,-41.16,144,2.7
23225,CHERUB HEART DECORATION SILVER,4,-69.72,89,4.3
22915,ASSORTED BOTTLE TOP  MAGNETS,4,-37.8,185,2.12
23660,HENRIETTA HEN MUG,4,-26.4,42,8.7
22580,ADVENT CALENDAR GINGHAM SACK,4,-314.95,248,1.59
23581,JUMBO BAG PAISLEY PARK,4,-224.76,351,1.13
22947,WOODEN ADVENT CALENDAR RED,4,-72.92,137,2.84
22989,SET 2 PANTRY DESIGN TEA TOWELS,4,-78.0,379,1.04
22748,POPPY'S PLAYHOUSE KITCHEN,4,-35.7,447,0.89
21790,VINTAGE SNAP CARDS,4,-72.25,940,0.42
22996,TRAVEL CARD WALLET VINTAGE TICKET,4,-10.92,418,0.95
23184,BULL DOG BOTTLE OPENER,4,-64.35,266,1.48
85132C,CHARLIE AND LOLA FIGURES TINS,4,-9.75,212,1.85
23458,DOLLY CABINET 3 DRAWERS,4,-74.75,30,11.76
21464,DISCO BALL ROTATOR BATTERY OPERATED,4,-38.25,105,3.67
22320,BIRDS MOBILE VINTAGE DESIGN,4,-53.55,73,5.19
22734,SET OF 6 RIBBONS VINTAGE CHRISTMAS,4,-86.7,436,0.91
85150,LADIES & GENTLEMEN METAL SIGN,4,-12.3,481,0.82
21394,RED POLKADOT BEAKER,4,-8.58,131,2.96
22230,JIGSAW TREE WITH WATERING CAN,4,-13.53,104,3.7
23289,DOLLY GIRL CHILDRENS BOWL,4,-15.0,192,2.04
22794,SWEETHEART WIRE MAGAZINE RACK,4,-39.75,182,2.15
22385,JUMBO BAG SPACEBOY DESIGN,4,-215.14,696,0.57
15056P,EDWARDIAN PARASOL PINK,4,-58.2,146,2.67
23288,GREEN VINTAGE SPOT BEAKER,4,-15.17,186,2.11
21154,RED RETROSPOT OVEN GLOVE,4,-227.0,459,0.86
22306,SILVER MUG BONE CHINA TREE OF LIFE,4,-28.7,115,3.36
22700,BLACK AND WHITE DOG BOWL,4,-31.3,53,7.02
20934,SET/3 POT PLANT CANDLES,4,-75.3,32,11.11
22233,JIGSAW RABBIT AND BIRDHOUSE,4,-33.59,109,3.54
23071,MARIE ANTOINETTE TRINKET BOX GOLD,4,-434.0,24,14.29
84950,ASSORTED COLOUR T-LIGHT HOLDER,4,-6.1,122,3.17
22493,PAINT YOUR OWN CANVAS SET,4,-396.45,224,1.75
79000,MOROCCAN TEA GLASS,4,-6.05,127,3.05
22938,CUPCAKE LACE PAPER SET 6,4,-117.0,188,2.08
22399,MAGNETS PACK OF 4 CHILDHOOD MEMORY,3,-30.0,98,2.97
21746,SMALL RED RETROSPOT WINDMILL,3,-18.75,228,1.3
22329,ROUND CONTAINER SET OF 5 RETROSPOT,3,-28.05,240,1.23
84997B,CHILDRENS CUTLERY RETROSPOT RED,3,-127.5,374,0.8
20969,RED FLORAL FELTCRAFT SHOULDER BAG,3,-980.07,308,0.96
48173C,DOORMAT BLACK FLOCK,3,-40.95,191,1.55
47594B,SCOTTIES DESIGN WASHBAG,3,-7.8,56,5.08
22983,CARD BILLBOARD FONT,3,-68.76,444,0.67
23274,STAR T-LIGHT HOLDER WILLIE WINKIE,3,-4.95,123,2.38
22827,RUSTIC  SEVENTEEN DRAWER SIDEBOARD,3,-415.0,26,10.34
85194S,HANGING SPRING FLOWER EGG SMALL,3,-18.39,72,4.0
21788,KIDS RAIN MAC BLUE,3,-18.5,88,3.3
22675,FRENCH KITCHEN SIGN BLUE METAL,3,-33.75,169,1.74
84687,BEACH HUT SHELF W 3 DRAWERS,3,-23.8,31,8.82
22970,LONDON BUS COFFEE MUG,3,-33.6,325,0.91
22668,PINK BABY BUNTING,3,-157.0,348,0.85
22600,CHRISTMAS RETROSPOT STAR WOOD,3,-23.8,197,1.5
23401,RUSTIC MIRROR WITH LACE HEART,3,-18.75,83,3.49
22745,POPPY'S PLAYHOUSE BEDROOM,3,-27.3,433,0.69
22444,GROW YOUR OWN PLANT IN A CAN,3,-40.0,58,4.92
37342,POLKADOT COFFEE CUP & SAUCER PINK,3,-45.68,110,2.65
23431,NATURAL HANGING QUILTED HEARTS,3,-13.28,77,3.75
22672,FRENCH BATHROOM SIGN BLUE METAL,3,-26.4,221,1.34
85035A,GARDENIA 3 WICK MORRIS BOXED CANDLE,3,-25.5,87,3.33
22243,5 HOOK HANGER RED MAGIC TOADSTOOL,3,-18.15,134,2.19
21068,VINTAGE BILLBOARD LOVE/HATE MUG,3,-45.66,199,1.49
22242,5 HOOK HANGER MAGIC TOADSTOOL,3,-56.1,34,8.11
22911,PAPER CHAIN KIT LONDON,3,-17.7,96,3.03
21705,BAG 500g SWIRLY MARBLES,3,-31.6,143,2.05
21930,JUMBO STORAGE BAG SKULLS,3,-6.24,717,0.42
23015,CORDIAL GLASS JUG,3,-57.75,20,13.04
21523,DOORMAT FANCY FONT HOME SWEET HOME,3,-40.05,503,0.59
23188,VINTAGE  2 METER FOLDING RULER,3,-23.1,339,0.88
21041,RED RETROSPOT OVEN GLOVE DOUBLE,3,-8.85,263,1.13
23230,WRAP ALPHABET DESIGN,3,-31.5,236,1.26
20985,HEART CALCULATOR,3,-19.43,140,2.1
23403,LETTER HOLDER HOME SWEET HOME,3,-11.25,136,2.16
22079,RIBBON REEL HEARTS DESIGN,3,-49.5,331,0.9
21122,SET/10 PINK POLKADOT PARTY CANDLES,3,-61.25,355,0.84
84997A,CHILDRENS CUTLERY POLKADOT GREEN,3,-49.95,260,1.14
20931,BLUE POT PLANT CANDLE,3,-45.05,68,4.23
21519,GIN & TONIC DIET GREETING CARD,3,-15.12,246,1.2
21655,HANGING RIDGE GLASS T-LIGHT HOLDER,3,-60.84,2,60.0
23286,BLUE VINTAGE SPOT BEAKER,3,-41.65,222,1.33
21471,STRAWBERRY RAFFIA FOOD COVER,3,-15.0,165,1.79
20679,EDWARDIAN PARASOL RED,3,-53.55,327,0.91
22712,CARD DOLLY GIRL,3,-10.5,316,0.94
79066K,RETRO MOD TRAY,3,-10.2,146,2.01
20983,12 PENCILS TALL TUBE RED RETROSPOT,3,-5.95,284,1.05
21896,POTTING SHED TWINE,3,-9.75,113,2.59
23425,STORAGE TIN HOME SWEET HOME,3,-17.43,56,5.08
21579,LOLITA  DESIGN  COTTON TOTE BAG,3,-22.5,52,5.45
85174,S/4 CACTI CANDLES,3,-14.15,161,1.83
23382,BOX OF 6 CHRISTMAS CAKE DECORATIONS,3,-63.75,221,1.34
22241,GARLAND WOODEN HAPPY EASTER,3,-4.81,244,1.21
23542,WALL ART 70'S ALPHABET,3,-48.7,89,3.26
21124,SET/10 BLUE POLKADOT PARTY CANDLES,3,-61.25,246,1.2
23408,PHOTO FRAME LINEN AND LACE SMALL,3,-29.12,59,4.84
23493,VINTAGE DOILY TRAVEL SEWING KIT,3,-11.4,430,0.69
23103,JINGLE BELL HEART DECORATION,3,-46.2,383,0.78
79163,BLACK CHAMPAGNE GLASS,3,-5.16,35,7.89
37500,TEA TIME TEAPOT IN GIFT BOX,3,-24.85,113,2.59
85036C,ROSE 1 WICK MORRIS BOXED CANDLE,3,-232.25,92,3.16
85040B,SET/4 BLUE FLOWER CANDLES IN BOWL,3,-6.6,36,7.69
22251,BIRDHOUSE DECORATION MAGIC GARDEN,3,-20.0,140,2.1
22899,CHILDREN'S APRON DOLLY GIRL,3,-10.5,316,0.94
22270,HAPPY EASTER HANGING DECORATION,3,-25.89,56,5.08
22585,PACK OF 6 BIRDY GIFT TAGS,3,-56.25,416,0.72
21564,PINK  HEART SHAPE LOVE BUCKET,3,-8.05,123,2.38
23183,MOTHER'S KITCHEN SPOON REST,3,-30.0,85,3.41
22858,EASTER TIN KEEPSAKE,3,-16.5,139,2.11
23159,SET OF 5 PANCAKE DAY MAGNETS,3,-52.0,230,1.29
21395,BLUE POLKADOT BEAKER,3,-3.9,91,3.19
21833,CAMOUFLAGE LED TORCH,3,-50.7,168,1.75
84968A,SET OF 16 VINTAGE ROSE CUTLERY,3,-127.5,99,2.94
22561,WOODEN SCHOOL COLOURING SET,3,-405.0,446,0.67
21787,RAIN PONCHO RETROSPOT,3,-420.0,249,1.19
23323,WHITE WICKER STAR,3,-6.3,306,0.97
84663A,GRASS HOPPER WOODEN WALL CLOCK,3,-9.11,34,8.11
22299,PIG KEYRING WITH LIGHT & SOUND,3,-65.0,80,3.61
23433,HANGING QUILTED PATCHWORK APPLES,3,-39.01,89,3.26
22503,CABIN BAG VINTAGE PAISLEY,3,-461.85,34,8.11
23325,RUSTIC STRAWBERRY JAM POT SMALL,3,-29.7,35,7.89
22366,DOORMAT AIRMAIL,3,-194.07,220,1.35
22278,OVERNIGHT BAG VINTAGE ROSE PAISLEY,3,-29.7,183,1.61
22959,WRAP CHRISTMAS VILLAGE,3,-126.0,142,2.07
23374,RED SPOT PAPER GIFT BAG,3,-13.12,131,2.24
22588,CARD HOLDER GINGHAM HEART,3,-411.87,178,1.66
22439,6 ROCKET BALLOONS,3,-44.2,204,1.45
22571,ROCKING HORSE RED CHRISTMAS,3,-80.17,263,1.13
48188,DOORMAT WELCOME PUPPIES,3,-40.05,288,1.03
17003,BROCADE RING PURSE,3,-172.8,242,1.22
22684,FRENCH BLUE METAL DOOR SIGN 9,3,-16.25,101,2.88
22027,TEA PARTY BIRTHDAY CARD,3,-61.92,366,0.81
22088,PAPER BUNTING COLOURED LACE,3,-149.2,240,1.23
22153,ANGEL DECORATION STARS ON DRESS,3,-29.4,138,2.13
15039,SANDALWOOD FAN,3,-22.1,146,2.01
85054,FRENCH ENAMEL POT W LID,3,-8.4,118,2.48
21704,BAG 250g SWIRLY MARBLES,3,-3.86,249,1.19
21067,VINTAGE RED TEATIME MUG,3,-29.38,79,3.66
23028,DRAWER KNOB CRACKLE GLAZE BLUE,3,-11.55,139,2.11
23347,I LOVE LONDON BEAKER,3,-42.5,98,2.97
21870,I CAN ONLY PLEASE ONE PERSON MUG,3,-32.5,167,1.76
22681,FRENCH BLUE METAL DOOR SIGN 6,3,-14.81,128,2.29
23158,SET OF 5 LUCKY CAT MAGNETS,3,-124.8,257,1.15
22128,PARTY CONES CANDY ASSORTED,3,-70.0,76,3.8
82551,LAUNDRY 15C METAL SIGN,3,-5.2,353,0.84
21908,CHOCOLATE THIS WAY METAL SIGN,3,-54.6,475,0.63
21932,SCANDINAVIAN PAISLEY PICNIC BAG,3,-55.35,454,0.66
21524,DOORMAT SPOTTY HOME SWEET HOME,3,-48.9,486,0.61
84050,PINK HEART SHAPE EGG FRYING PAN,3,-22.7,262,1.13
23423,PANTRY 3 HOOK ROLLING PIN HANGER,3,-18.75,66,4.35
23212,HEART WREATH DECORATION WITH BELL,3,-75.0,195,1.52
21194,PINK  HONEYCOMB PAPER FAN,3,-6.5,67,4.29
22103,MIRROR MOSAIC T-LIGHT HOLDER ROUND,3,-201.66,28,9.68
23144,ZINC T-LIGHT HOLDER STARS SMALL,3,-36.52,275,1.08
21791,VINTAGE HEADS AND TAILS CARD GAME,3,-45.0,613,0.49
79160,HEART SHAPE WIRELESS DOORBELL,3,-16.8,55,5.17
22425,ENAMEL COLANDER CREAM,3,-29.7,166,1.78
21820,GLITTER HEART GARLAND WITH BELLS,3,-112.5,95,3.06
21262,WHITE GOOSE FEATHER CHRISTMAS TREE,3,-56.75,80,3.61
48185,DOORMAT FAIRY CAKE,3,-4554.9,368,0.81
84279B,CHERRY BLOSSOM DECORATIVE FLASK,3,-26.25,72,4.0
23196,VINTAGE LEAF MAGNETIC NOTEPAD,3,-18.85,308,0.96
84459A,PINK METAL CHICKEN HEART,3,-89.4,95,3.06
22413,METAL SIGN TAKE IT OR LEAVE IT,3,-53.1,419,0.71
23582,VINTAGE DOILY JUMBO BAG RED,3,-222.68,266,1.12
21918,SET 12 KIDS COLOUR  CHALK STICKS,3,-6.72,373,0.8
22812,PACK 3 BOXES CHRISTMAS PANNETONE,3,-40.95,191,1.55
23081,GREEN METAL BOX ARMY SUPPLIES,3,-49.5,140,2.1
85034A,3 GARDENIA MORRIS BOXED CANDLES,3,-20.75,83,3.49
22144,CHRISTMAS CRAFT LITTLE FRIENDS,3,-92.4,560,0.53
23255,CHILDRENS CUTLERY CIRCUS PARADE,3,-37.35,159,1.85
21090,SET/6 COLLAGE PAPER PLATES,3,-14.04,220,1.35
23007,SPACEBOY BABY GIFT SET,3,-101.7,185,1.6
22294,HEART FILIGREE DOVE  SMALL,3,-42.5,314,0.95
22570,FELTCRAFT CUSHION RABBIT,3,-832.35,395,0.75
84665,SQUARE CHERRY BLOSSOM CABINET,3,-119.0,17,15.0
22809,SET OF 6 T-LIGHTS SANTA,3,-83.7,210,1.41
72351B,SET/6 PINK  BUTTERFLY T-LIGHTS,3,-6.3,189,1.56
23013,GLASS APOTHECARY BOTTLE TONIC,3,-23.7,225,1.32
23083,SET 6 PAPER TABLE LANTERN STARS,3,-214.17,250,1.19
22045,SPACEBOY GIFT WRAP,3,-31.5,209,1.42
22067,CHOC TRUFFLE GOLD TRINKET POT,3,-9.1,73,3.95
22219,LOVEBIRD HANGING DECORATION WHITE,3,-22.1,557,0.54
21108,FAIRY CAKE FLANNEL ASSORTED COLOUR,3,-6591.42,267,1.11
84766,SILVER ROCOCO CANDLE STICK,3,-37.25,14,17.65
23242,TREASURE TIN BUFFALO BILL,3,-56.16,223,1.33
23351,ROLL WRAP 50'S CHRISTMAS,3,-104.88,361,0.82
21980,PACK OF 12 RED RETROSPOT TISSUES,3,-38.28,300,0.99
22618,COOKING SET RETROSPOT,3,-174.18,28,9.68
85131A,BEADED PEARL HEART WHITE ON STICK,3,-11.27,119,2.46
22374,AIRLINE BAG VINTAGE JET SET RED,3,-17.0,226,1.31
23152,IVORY SWEETHEART WIRE LETTER RACK,3,-26.25,162,1.82
21244,BLUE POLKADOT PLATE,3,-25.35,197,1.5
23132,SMALL IVORY HEART WALL ORGANISER,3,-23.0,155,1.9
22995,TRAVEL CARD WALLET SUKI,3,-20.58,270,1.1
21135,VICTORIAN  METAL POSTCARD SPRING,3,-128.72,183,1.61
84509A,SET OF 4 ENGLISH ROSE PLACEMATS,3,-33.75,230,1.29
22433,WATERING CAN GREEN DINOSAUR,3,-5.85,229,1.29
84997D,CHILDRENS CUTLERY POLKADOT PINK,3,-108.75,478,0.62
47590A,BLUE HAPPY BIRTHDAY BUNTING,3,-114.8,391,0.76
21034,REX CASH+CARRY JUMBO SHOPPER,3,-19.95,964,0.31
21812,GARLAND WITH HEARTS AND BELLS,3,-69.3,101,2.88
23354,6 GIFT TAGS 50'S CHRISTMAS,3,-49.8,332,0.9
22486,PLASMATRONIC LAMP,3,-76.5,25,10.71
22664,TOY TIDY DOLLY GIRL DESIGN,3,-25.2,162,1.82
90185C,BLACK DIAMANTE EXPANDABLE RING,3,-68.0,10,23.08
85194L,HANGING SPRING FLOWER EGG LARGE,3,-23.8,74,3.9
23291,DOLLY GIRL CHILDRENS CUP,3,-12.5,197,1.5
22601,CHRISTMAS RETROSPOT ANGEL WOOD,3,-3.4,204,1.45
84352,SILVER CHRISTMAS TREE BAUBLE STAND,3,-67.8,23,11.54
85141,JARDIN ETCHED GLASS FRUITBOWL,3,-40.55,43,6.52
23154,SET OF 4 JAM JAR MAGNETS,3,-126.88,249,1.19
20974,12 PENCILS SMALL TUBE SKULL,3,-367.9,367,0.81
23127,FELTCRAFT GIRL NICOLE KIT,3,-64.35,197,1.5
22795,SWEETHEART RECIPE BOOK STAND,3,-78.45,372,0.8
22818,CARD CHRISTMAS VILLAGE,3,-40.32,246,1.2
22774,RED DRAWER KNOB ACRYLIC EDWARDIAN,3,-19.81,143,2.05
22741,FUNKY DIVA PEN,3,-43.35,234,1.27
21975,PACK OF 60 DINOSAUR CAKE CASES,3,-36.06,638,0.47
21426,WOODLAND STORAGE BOX SMALL,3,-8.4,47,6.0
22441,GROW YOUR OWN BASIL IN ENAMEL MUG,3,-6.3,225,1.32
22763,KEY CABINET MA CAMPAGNE,3,-49.75,109,2.68
22578,WOODEN STAR CHRISTMAS SCANDINAVIAN,3,-112.49,532,0.56
22302,COFFEE MUG PEARS  DESIGN,3,-30.6,214,1.38
22569,FELTCRAFT CUSHION BUTTERFLY,3,-658.38,355,0.84
21749,LARGE RED RETROSPOT WINDMILL,3,-16.8,140,2.1
22956,36 FOIL HEART CAKE CASES,3,-283.2,206,1.44
22431,WATERING CAN BLUE ELEPHANT,3,-15.6,338,0.88
22154,ANGEL DECORATION 3 BUTTONS,3,-2.94,169,1.74
84987,SET OF 36 TEATIME PAPER DOILIES,3,-21.75,336,0.88
21427,SKULLS STORAGE BOX SMALL,3,-6.3,41,6.82
23178,JAM CLOCK MAGNET,3,-14.45,70,4.11
22432,WATERING CAN PINK BUNNY,3,-27.3,283,1.05
22854,CREAM SWEETHEART EGG HOLDER,3,-14.85,163,1.81
23232,WRAP VINTAGE LEAF DESIGN,3,-21.42,243,1.22
20703,BLUE PADDED SOFT MOBILE,3,-29.75,1,75.0
20982,12 PENCILS TALL TUBE SKULLS,3,-3.4,263,1.13
48184,DOORMAT ENGLISH ROSE,3,-47.7,409,0.73
20676,RED RETROSPOT BOWL,3,-27.5,456,0.65
85152,HAND OVER THE CHOCOLATE   SIGN,3,-135.22,683,0.44
22187,GREEN CHRISTMAS TREE CARD HOLDER,3,-14.7,194,1.52
22466,FAIRY TALE COTTAGE NIGHT LIGHT,3,-35.85,212,1.4
23014,GLASS APOTHECARY BOTTLE ELIXIR,3,-35.55,213,1.39
46000S,POLYESTER FILLER PAD 40x40cm,3,-63.8,185,1.6
23077,DOUGHNUT LIP GLOSS,3,-75.0,345,0.86
84692,BOX OF 24 COCKTAIL PARASOLS,3,-13.02,595,0.5
21561,DINOSAUR LUNCH BOX WITH CUTLERY,2,-5.1,214,0.93
22908,PACK OF 20 NAPKINS RED APPLES,2,-2.55,387,0.51
22577,WOODEN HEART CHRISTMAS SCANDINAVIAN,2,-83.05,555,0.36
23345,DOLLY GIRL BEAKER,2,-8.75,179,1.1
23409,PHOTO FRAME LINEN AND LACE LARGE,2,-26.25,43,4.44
21577,SAVE THE PLANET COTTON TOTE BAG,2,-15.75,175,1.13
84631,FRUIT TREE AND BIRDS WALL PLAQUE,2,-23.85,25,7.41
22468,BABUSHKA LIGHTS STRING OF 10,2,-19.45,153,1.29
21976,PACK OF 60 MUSHROOM CAKE CASES,2,-15.95,406,0.49
85062,PEARL CRYSTAL PUMPKIN T-LIGHT HLDR,2,-6.6,162,1.22
23131,MISTLETOE HEART WREATH CREAM,2,-24.9,117,1.68
23145,ZINC T-LIGHT HOLDER STAR LARGE,2,-10.45,170,1.16
22245,"HOOK, 1 HANGER ,MAGIC GARDEN",2,-4.25,100,1.96
22084,PAPER CHAIN KIT EMPIRE,2,-120.95,446,0.45
22851,SET 20 NAPKINS FAIRY CAKES DESIGN,2,-11.05,361,0.55
22670,FRENCH WC SIGN BLUE METAL,2,-6.25,304,0.65
21813,GARLAND WITH STARS AND BELLS,2,-34.65,113,1.74
85042,ANTIQUE LILY FAIRY LIGHTS,2,-14.85,0,100.0
22746,POPPY'S PLAYHOUSE LIVINGROOM,2,-25.2,333,0.6
22597,MUSICAL ZINC HEART DECORATION,2,-28.9,191,1.04
21792,CLASSIC FRENCH STYLE BASKET GREEN,2,-57.95,76,2.56
84660A,WHITE STITCHED WALL CLOCK,2,-4.54,42,4.55
23191,BUNDLE OF 3 RETRO NOTE BOOKS,2,-4.95,293,0.68
21306,SET/4 DAISY MIRROR MAGNETS,2,-7.32,45,4.26
84988,SET OF 72 PINK HEART PAPER DOILIES,2,-18.85,512,0.39
22082,RIBBON REEL STRIPES DESIGN,2,-33.0,427,0.47
22586,FELTCRAFT HAIRBAND PINK AND BLUE,2,-40.8,162,1.22
46138B,BLUE CHENILLE SHAGGY CUSHION COVER,2,-11.05,12,14.29
20795,LARGE BLUE PROVENCAL CERAMIC BALL,2,-12.6,11,15.38
85014B,RED RETROSPOT UMBRELLA,2,-11.9,353,0.56
23035,DRAWER KNOB CERAMIC IVORY,2,-13.05,195,1.02
85170D,SET/6 PINK BIRD T-LIGHT CANDLES,2,-8.0,100,1.96
22339,CHRISTMAS TREE PAINTED ZINC,2,-16.93,88,2.22
23227,FILIGREE HEART BUTTERFLY WHITE,2,-7.5,117,1.68
21272,SALLE DE BAIN HOOK,2,-2.5,109,1.8
23051,RECYCLED ACAPULCO MAT BLUE,2,-16.5,162,1.22
21080,SET/20 RED RETROSPOT PAPER NAPKINS,2,-14.45,1012,0.2
21289,LARGE STRIPES CHOCOLATE GIFT BAG,2,-25.0,49,3.92
22106,MIRROR MOSAIC HURRICANE LAMP,2,-156.75,47,4.08
22396,MAGNETS PACK OF 4 RETRO PHOTO,2,-15.0,133,1.48
22489,PACK OF 12 TRADITIONAL CRAYONS,2,-0.84,448,0.44
22359,GLASS JAR KINGS CHOICE,2,-8.85,82,2.38
22620,4 TRADITIONAL SPINNING TOPS,2,-12.9,495,0.4
85118,HEART T-LIGHT HOLDER,2,-16.25,10,16.67
22331,WOODLAND PARTY BAG + STICKER SET,2,-3.3,183,1.08
21035,SET/2 RED RETROSPOT TEA TOWELS,2,-550.0,401,0.5
22852,DOG BOWL VINTAGE CREAM,2,-21.25,125,1.57
85061W,WHITE JEWELLED HEART DECORATION,2,-5.95,175,1.13
51014L,"FEATHER PEN,LIGHT PINK",2,-65.88,151,1.31
90199C,5 STRAND GLASS NECKLACE CRYSTAL,2,-12.7,13,13.33
85047,WHITE BEADED GARLAND STRING 20LIGHT,2,-18.25,2,50.0
21467,CHERRY CROCHET FOOD COVER,2,-7.5,104,1.89
22166,WALL MIRROR RECTANGLE DIAMANTE PINK,2,-23.85,87,2.25
85064,CREAM SWEETHEART LETTER RACK,2,-9.3,30,6.25
85049G,CHOCOLATE BOX RIBBONS,2,-17.5,275,0.72
22377,BOTTLE BAG RETROSPOT,2,-18.45,207,0.96
23503,PLAYING CARDS KEEP CALM & CARRY ON,2,-2.5,345,0.58
21507,"ELEPHANT, BIRTHDAY CARD,",2,-10.08,263,0.75
22283,6 EGG HOUSE PAINTED WOOD,2,-31.8,156,1.27
22856,ASSORTED EASTER DECORATIONS  BELLS,2,-26.25,27,6.9
35648,VINTAGE BEAD PINK PURSE,2,-20.75,132,1.49
22750,FELTCRAFT PRINCESS LOLA DOLL,2,-22.5,426,0.47
47559B,TEA TIME OVEN GLOVE,2,-37.5,292,0.68
22262,FELT EGG COSY CHICKEN,2,-4.25,144,1.37
22583,PACK OF 6 HANDBAG GIFT BOXES,2,-5.1,113,1.74
22682,FRENCH BLUE METAL DOOR SIGN 7,2,-13.75,114,1.72
22769,CHALKBOARD KITCHEN ORGANISER,2,-225.5,8,20.0
23253,16 PIECE CUTLERY SET PANTRY DESIGN,2,-31.9,70,2.78
21143,ANTIQUE GLASS HEART DECORATION,2,-3.9,39,4.88
35471D,SET OF 3 BIRD LIGHT PINK FEATHER,2,-2.5,234,0.85
84535B,FAIRY CAKES NOTEBOOK A6 SIZE,2,-61.75,156,1.27
23094,LE GRAND TRAY CHIC SET,2,-25.0,79,2.47
22810,SET OF 6 T-LIGHTS SNOWMEN,2,-140.1,169,1.17
23320,GIANT 50'S CHRISTMAS CRACKER,2,-37.57,344,0.58
21984,PACK OF 12 PINK PAISLEY TISSUES,2,-17.4,217,0.91
22162,HEART GARLAND RUSTIC PADDED,2,-32.45,92,2.13
23123,COCKTAIL SWORDS 50 PIECES,2,-4.98,96,2.04
22693,GROW A FLYTRAP OR SUNFLOWER IN TIN,2,-90.0,305,0.65
22603,CHRISTMAS RETROSPOT TREE WOOD,2,-11.05,177,1.12
90174,BUTTERFLY HAIR BAND,2,-30.6,21,8.7
79323B,BLACK CHERRY LIGHTS,2,-54.0,1,66.67
21422,PORCELAIN ROSE SMALL,2,-3.4,63,3.08
21830,ASSORTED CREEPY CRAWLIES,2,-20.16,103,1.9
22759,SET OF 3 NOTEBOOKS IN PARCEL,2,-39.6,439,0.45
22163,HEART STRING MEMO HOLDER HANGING,2,-19.75,124,1.59
22738,RIBBON REEL SNOWY VILLAGE,2,-190.5,281,0.71
21277,FRENCH STYLE EMBOSSED HEART CABINET,2,-43.9,22,8.33
23156,SET OF 5 MINI GROCERY MAGNETS,2,-49.92,212,0.93
84030E,ENGLISH ROSE HOT WATER BOTTLE,2,-12.75,344,0.58
47503A,ASS FLORAL PRINT MULTI SCREWDRIVER,2,-25.08,170,1.16
22443,GROW YOUR OWN HERBS SET OF 3,2,-15.9,91,2.15
23526,WALL ART DOG LICENCE,2,-95.2,144,1.37
90148,LONG SILVER NECKLACE PASTEL FLOWER,2,-25.5,7,22.22
22120,WELCOME  WOODEN BLOCK LETTERS,2,-119.4,191,1.04
47599B,BLUE PARTY BAGS,2,-109.2,118,1.67
84997C,CHILDRENS CUTLERY POLKADOT BLUE,2,-22.9,336,0.59
22428,ENAMEL FIRE BUCKET CREAM,2,-20.85,114,1.72
21284,RETROSPOT CANDLE  SMALL,2,-30.36,43,4.44
85183A,CHARLIE & LOLA WASTEPAPER BIN BLUE,2,-2.5,88,2.22
84799,SPRIG LAVENDER ARTIFICIAL FLOWER,2,-35.16,10,16.67
23186,FRENCH STYLE STORAGE JAR CAFE,2,-9.24,71,2.74
23534,WALL ART STOP FOR TEA,2,-41.65,262,0.76
22686,FRENCH BLUE METAL DOOR SIGN No,2,-30.0,158,1.25
21810,CHRISTMAS HANGING STAR WITH BELL,2,-73.75,268,0.74
84507C,BLUE CIRCLES DESIGN MONKEY DOLL,2,-17.85,29,6.45
22837,HOT WATER BOTTLE BABUSHKA,2,-157.65,187,1.06
22268,DECORATION SITTING BUNNY,2,-8.26,164,1.2
47591D,PINK FAIRY CAKE CHILDRENS APRON,2,-3.9,443,0.45
22550,HOLIDAY FUN LUDO,2,-30.0,217,0.91
22203,MILK PAN RED RETROSPOT,2,-7.5,145,1.36
15044C,PURPLE PAPER PARASOL,2,-8.05,89,2.2
23049,RECYCLED ACAPULCO MAT RED,2,-24.75,186,1.06
22148,EASTER CRAFT 4 CHICKS,2,-29.25,192,1.03
21878,PACK OF 6 SANDCASTLE FLAGS ASSORTED,2,-11.05,229,0.87
84880,WHITE WIRE EGG HOLDER,2,-55.1,79,2.47
21822,GLITTER CHRISTMAS TREE WITH BELLS,2,-4.69,106,1.85
21264,WHITE GOOSE FEATHER TREE 60CM,2,-15.6,49,3.92
23287,RED VINTAGE SPOT BEAKER,2,-43.35,202,0.98
21889,WOODEN BOX OF DOMINOES,2,-32.5,604,0.33
84849D,HOT BATHS SOAP HOLDER,2,-37.18,115,1.71
85059,FRENCH ENAMEL WATER BASIN,2,-22.5,129,1.53
22066,LOVE HEART TRINKET POT,2,-1.95,144,1.37
22403,MAGNETS PACK OF 4 VINTAGE LABELS,2,-15.0,126,1.56
84678,CLASSICAL ROSE SMALL VASE,2,-5.05,13,13.33
21743,STAR PORTABLE TABLE LIGHT,2,-26.55,50,3.85
23350,ROLL WRAP VINTAGE SPOT,2,-30.0,314,0.63
22046,TEA PARTY  WRAPPING PAPER,2,-14.28,75,2.6
21469,POLKA DOT RAFFIA FOOD COVER,2,-7.5,89,2.2
21872,GLAMOROUS  MUG,2,-17.72,147,1.34
21586,KINGS CHOICE GIANT TUBE MATCHES,2,-33.15,67,2.9
37340,MULTICOLOUR SPRING FLOWER MUG,2,-1.17,136,1.45
22616,PACK OF 12 LONDON TISSUES,2,-8.16,528,0.38
72760B,VINTAGE CREAM 3 BASKET CAKE STAND,2,-14.6,154,1.28
22227,HANGING HEART MIRROR DECORATION,2,-1.3,301,0.66
22201,FRYING PAN BLUE POLKADOT,2,-8.5,87,2.25
16169E,WRAP 50'S  CHRISTMAS,2,-52.5,150,1.32
22393,PAPERWEIGHT VINTAGE COLLAGE,2,-10.2,72,2.7
22068,BLACK PIRATE TREASURE CHEST,2,-21.45,147,1.34
22073,RED RETROSPOT STORAGE JAR,2,-45.0,73,2.67
79190B,RETRO PLASTIC POLKA TRAY,2,-6.72,57,3.39
23356,LOVE HOT WATER BOTTLE,2,-53.55,500,0.4
23459,DOLLY CABINET 2 DRAWERS,2,-37.5,19,9.52
20801,LARGE PINK GLASS SUNDAE DISH,2,-24.0,82,2.38
22338,STAR DECORATION PAINTED ZINC,2,-12.27,187,1.06
35810B,ENAMEL BLUE RIM COFFEE CONTAINER,2,-10.79,26,7.14
21361,LOVE LARGE WOOD LETTERS,2,-51.0,69,2.82
23265,SET OF 3 WOODEN TREE DECORATIONS,2,-18.75,317,0.63
20681,PINK POLKADOT CHILDRENS UMBRELLA,2,-6.5,47,4.08
21461,BLUE EASTER EGG HUNT START POST,2,-3.9,7,22.22
21591,COSY HOUR CIGAR BOX MATCHES,2,-67.5,157,1.26
22704,WRAP RED APPLES,2,-21.0,175,1.13
21926,RED/CREAM STRIPE CUSHION COVER,2,-17.5,60,3.23
20802,SMALL GLASS SUNDAE DISH CLEAR,2,-20.07,63,3.08
22052,VINTAGE CARAVAN GIFT WRAP,2,-21.0,27,6.9
48187,DOORMAT NEW ENGLAND,2,-31.8,606,0.33
85199L,LARGE HANGING IVORY & RED WOOD BIRD,2,-8.45,95,2.06
22152,PLACE SETTING WHITE STAR,2,-1.68,110,1.79
22929,SCHOOL DESK AND CHAIR,2,-195.0,13,13.33
21903,MAN FLU METAL SIGN,2,-27.3,182,1.09
18097C,WHITE TALL PORCELAIN T-LIGHT HOLDER,2,-571.8,73,2.67
85071A,BLUE CHARLIE+LOLA PERSONAL DOORSIGN,2,-448.4,113,1.74
21484,CHICK GREY HOT WATER BOTTLE,2,-147.6,419,0.48
22863,SOAP DISH BROCANTE,2,-38.35,112,1.75
22472,TV DINNER TRAY DOLLY GIRL,2,-9.9,109,1.8
20803,SMALL PINK GLASS SUNDAE DISH,2,-28.56,41,4.65
84968C,SET OF 16 VINTAGE PISTACHIO CUTLERY,2,-51.0,104,1.89
23128,FELTCRAFT BOY JEAN-PAUL KIT,2,-34.65,142,1.39
23093,SMALL PARISIENNE HEART PHOTO FRAME,2,-7.47,144,1.37
23349,ROLL WRAP VINTAGE CHRISTMAS,2,-30.0,348,0.57
23163,REGENCY SUGAR TONGS,2,-114.4,209,0.95
21351,CINAMMON & ORANGE WREATH,2,-47.25,36,5.26
C2,CARRIAGE,2,-65.0,141,1.4
23119,PACK OF 6 LARGE FRUIT STRAWS,2,-22.32,152,1.3
84976,RECTANGULAR SHAPED MIRROR,2,-11.06,37,5.13
22499,WOODEN UNION JACK BUNTING,2,-23.8,410,0.49
22592,CARDHOLDER HOLLY WREATH METAL,2,-7.5,135,1.46
21972,SET OF 36 DINOSAUR PAPER DOILIES,2,-2.9,65,2.99
21777,RECIPE BOX WITH METAL HEART,2,-39.75,6,25.0
22248,DECORATION  PINK CHICK MAGIC GARDEN,2,-17.0,112,1.75
22949,36 DOILIES DOLLY GIRL,2,-20.3,106,1.85
22744,MAKE YOUR OWN MONSOON CARD KIT,2,-23.6,176,1.12
85049E,SCANDINAVIAN REDS RIBBONS,2,-18.75,421,0.47
85023B,EAU DE NILE JEWELLED PHOTOFRAME,2,-153.75,13,13.33
22208,WOOD STAMP SET THANK YOU,2,-11.61,291,0.68
20821,GOLDIE LOOKING MIRROR,2,-59.4,6,25.0
22736,RIBBON REEL MAKING SNOWMEN,2,-21.45,230,0.86
84375,SET OF 20 KIDS COOKIE CUTTERS,2,-27.3,530,0.38
21098,CHRISTMAS TOILET ROLL,2,-41.91,269,0.74
20897,VINTAGE NOTEBOOK PARIS DAYS,2,-35.4,24,7.69
23353,6 GIFT TAGS VINTAGE CHRISTMAS,2,-19.92,335,0.59
23026,DRAWER KNOB VINTAGE GLASS STAR,2,-29.12,65,2.99
21499,BLUE POLKADOT WRAP,2,-82.5,218,0.91
21172,PARTY METAL SIGN,2,-18.85,479,0.42
85063,CREAM SWEETHEART MAGAZINE RACK,2,-46.85,0,100.0
47580,TEA TIME DES TEA COSY,2,-30.6,112,1.75
22948,METAL DECORATION NAUGHTY CHILDREN,2,-10.2,144,1.37
23324,RUSTIC STRAWBERRY JAM POT LARGE,2,-67.51,44,4.35
22932,BAKING MOULD TOFFEE CUP CHOCOLATE,2,-262.8,72,2.7
22536,MAGIC DRAWING SLATE PURDEY,2,-47.82,160,1.23
22683,FRENCH BLUE METAL DOOR SIGN 8,2,-15.0,120,1.64
22274,FELTCRAFT DOLL EMILY,2,-20.65,274,0.72
84819,DANISH ROSE ROUND SEWING BOX,2,-17.0,62,3.13
22829,SWEETHEART WIRE WALL TIDY,2,-87.9,111,1.77
21755,LOVE BUILDING BLOCK WORD,2,-23.8,654,0.3
21246,RED RETROSPOT BIG BOWL,2,-9.9,96,2.04
21789,KIDS RAIN MAC PINK,2,-17.0,96,2.04
72803A,ROSE SCENT CANDLE JEWELLED DRAWER,2,-8.5,42,4.55
22221,CAKE STAND LOVEBIRD 2 TIER PINK,2,-19.9,51,3.77
23327,HANGING CLEAR MINI BOTTLE,2,-4.72,42,4.55
22933,BAKING MOULD EASTER EGG MILK CHOC,2,-337.8,123,1.6
20970,PINK FLORAL FELTCRAFT SHOULDER BAG,2,-11.25,264,0.75
23406,HOME SWEET HOME KEY HOLDER,2,-18.75,112,1.75
23527,WALL ART ANIMALS AND NATURE,2,-26.25,49,3.92
23335,EGG FRYING PAN IVORY,2,-24.96,98,2.0
23010,CIRCUS PARADE BABY GIFT SET,2,-50.85,112,1.75
21039,RED RETROSPOT SHOPPING BAG,2,-30.6,90,2.17
22402,MAGNETS PACK OF 4 VINTAGE COLLAGE,2,-15.0,156,1.27
48116,DOORMAT MULTICOLOUR STRIPE,2,-24.15,202,0.98
23130,MISTLETOE HEART WREATH GREEN,2,-37.35,184,1.08
22183,CAKE STAND VICTORIAN FILIGREE MED,2,-8.95,129,1.53
22692,DOORMAT WELCOME TO OUR HOME,2,-23.85,445,0.45
23306,SET OF 36 DOILIES PANTRY DESIGN,2,-10.15,279,0.71
21470,FLOWER VINE RAFFIA FOOD COVER,2,-18.75,141,1.4
22822,CREAM WALL PLANTER HEART SHAPED,2,-11.9,159,1.24
23299,FOOD COVER WITH BEADS SET 2,2,-30.0,148,1.33
21987,PACK OF 6 SKULL PAPER CUPS,2,-8.45,176,1.12
22711,WRAP CIRCUS PARADE,2,-21.0,104,1.89
23380,PACK OF 12 VINTAGE DOILY TISSUES,2,-14.04,123,1.6
79323P,PINK CHERRY LIGHTS,2,-54.0,1,66.67
21913,VINTAGE SEASIDE JIGSAW PUZZLES,2,-11.25,148,1.33
22434,BALLOON PUMP WITH 10 BALLOONS,2,-35.1,128,1.54
20794,BLUE  TILE HOOK,2,-22.95,28,6.67
22680,FRENCH BLUE METAL DOOR SIGN 5,2,-37.5,156,1.27
21459,YELLOW EASTER EGG HUNT START POST,2,-15.6,19,9.52
22677,FRENCH BLUE METAL DOOR SIGN 2,2,-13.75,189,1.05
23436,VINTAGE CHRISTMAS GIFT BAG LARGE,2,-18.75,114,1.72
22349,DOG BOWL CHASING BALL DESIGN,2,-48.75,133,1.48
21359,RELAX LARGE WOOD LETTERS,2,-7.9,30,6.25
22676,FRENCH BLUE METAL DOOR SIGN 1,2,-13.75,202,0.98
22939,APRON APPLE DELIGHT,2,-69.3,128,1.54
23574,PACKING CHARGE,2,-15.0,14,12.5
15058B,PINK POLKADOT GARDEN PARASOL,2,-37.35,97,2.02
20973,12 PENCIL SMALL TUBE WOODLAND,2,-2.6,370,0.54
22142,CHRISTMAS CRAFT WHITE FAIRY,2,-15.95,389,0.51
22176,BLUE OWL SOFT TOY,2,-5.9,118,1.67
23480,MINI LIGHTS WOODLAND MUSHROOMS,2,-68.1,220,0.9
21644,ASSORTED TUTTI FRUTTI HEART BOX,2,-31.25,34,5.56
21794,CLASSIC FRENCH STYLE BASKET NATURAL,2,-11.85,106,1.85
22584,PACK OF 6 PANNETONE GIFT BOXES,2,-38.25,199,1.0
20717,STRAWBERRY SHOPPER BAG,2,-27.5,418,0.48
21125,SET 6 FOOTBALL CELEBRATION CANDLES,2,-2.5,107,1.83
21498,RED RETROSPOT WRAP,2,-21.0,337,0.59
21900,"KEY FOB , SHED",2,-3.25,377,0.53
85132A,CHARLIE + LOLA BISCUITS TINS,2,-3.9,111,1.77
22860,EASTER TIN CHICKS PINK DAISY,2,-24.75,111,1.77
23565,EGG CUP MILKMAID HELGA,2,-6.25,63,3.08
20972,PINK CREAM FELT CRAFT TRINKET BOX,2,-30.0,631,0.32
23022,SMALL BONNE JAM JAR  T-LIGHT HOLDER,2,-62.4,24,7.69
22689,DOORMAT MERRY CHRISTMAS RED,2,-354.0,147,1.34
35971,ROSE FOLKART HEART DECORATIONS,2,-21.25,91,2.15
22417,PACK OF 60 SPACEBOY CAKE CASES,2,-25.3,533,0.37
22902,TOTE BAG I LOVE LONDON,2,-50.4,138,1.43
21352,EUCALYPTUS & PINECONE  WREATH,2,-60.75,77,2.53
23122,PARTY CHARMS 50 PIECES,2,-2.49,138,1.43
48194,DOORMAT HEARTS,2,-23.85,596,0.33
21136,PAINTED METAL PEARS ASSORTED,2,-15.21,380,0.52
23114,VINTAGE LEAF CHOPPING BOARD,2,-14.85,45,4.26
21224,SET/4 SKULL BADGES,2,-15.0,167,1.18
20956,PORCELAIN T-LIGHT HOLDERS ASSORTED,2,-6.25,103,1.9
23160,REGENCY TEA SPOON,2,-7.5,77,2.53
22944,CHRISTMAS METAL POSTCARD WITH BELLS,2,-5.93,114,1.72
90201B,BLACK ENAMEL FLOWER RING,2,-20.65,23,8.0
22650,CERAMIC PIRATE CHEST MONEY BANK,2,-4.35,145,1.36
21914,BLUE HARMONICA IN BOX,2,-45.0,613,0.33
22723,SET OF 6 HERB TINS SKETCHBOOK,2,-7.9,303,0.66
22981,PANTRY APPLE CORER,2,-8.7,109,1.8
22999,TRAVEL CARD WALLET VINTAGE LEAF,2,-1.26,230,0.86
22215,CAKE STAND WHITE TWO TIER LACE,2,-17.0,101,1.94
84750A,PINK SMALL GLASS CAKE STAND,2,-52.65,1,66.67
22184,CAKE STAND VICTORIAN FILIGREE LARGE,2,-17.0,35,5.41
21892,TRADITIONAL WOODEN CATCH CUP GAME,2,-16.25,422,0.47
22311,OFFICE MUG WARMER BLACK+SILVER,2,-20.65,149,1.32
22663,JUMBO BAG DOLLY GIRL DESIGN,2,-21.45,452,0.44
22920,HERB MARKER BASIL,2,-841.05,248,0.8
22342,HOME GARLAND PAINTED ZINC,2,-40.2,128,1.54
22982,PANTRY PASTRY BRUSH,2,-30.0,213,0.93
23072,MARIE ANTOINETTE TRINKET BOX SILVER,2,-384.0,30,6.25
22509,SEWING BOX RETROSPOT DESIGN,2,-239.2,88,2.22
23192,BUNDLE OF 3 ALPHABET EXERCISE BOOKS,2,-4.95,357,0.56
22913,RED COAT RACK PARIS FASHION,2,-19.8,112,1.75
84969,BOX OF 6 ASSORTED COLOUR TEASPOONS,2,-8.5,210,0.94
21275,ZINC TOP  2 DOOR WOODEN SHELF,2,-76.75,12,14.29
22602,RETROSPOT WOODEN HEART DECORATION,2,-34.0,281,0.71
21056,DOCTOR'S BAG SOFT TOY,2,-17.9,72,2.7
22937,BAKING MOULD CHOCOLATE CUPCAKES,2,-33.15,166,1.19
15044D,RED PAPER PARASOL,2,-5.5,85,2.3
23149,ANTIQUE IVORY WIRE BOWL SMALL,2,-27.39,21,8.7
23313,VINTAGE CHRISTMAS BUNTING,2,-64.35,413,0.48
85172,HYACINTH BULB T-LIGHT CANDLES,2,-34.02,47,4.08
22912,YELLOW COAT RACK PARIS FASHION,2,-29.7,101,1.94
21260,FIRST AID TIN,2,-139.75,168,1.18
22284,HEN HOUSE DECORATION,2,-21.45,136,1.45
22653,BUTTON BOX,2,-58.5,254,0.78
23427,STOOL HOME SWEET HOME,2,-22.9,116,1.69
22258,FELT FARM ANIMAL RABBIT,2,-8.75,77,2.53
21902,"KEY FOB , FRONT  DOOR",2,-5.85,216,0.92
23120,PACK OF 6 SMALL FRUIT STRAWS,2,-30.24,113,1.74
23469,CARD HOLDER LOVE BIRD SMALL,2,-16.6,72,2.7
21198,WHITE HEART CONFETTI IN TUBE,2,-59.76,72,2.7
22095,LADS ONLY TISSUE BOX,2,-11.06,155,1.27
22710,WRAP I LOVE LONDON,2,-21.0,104,1.89
22318,FIVE HEART HANGING DECORATION,2,-20.65,143,1.38
22175,PINK OWL SOFT TOY,2,-5.9,173,1.14
20752,BLUE POLKADOT WASHING UP GLOVES,2,-4.2,150,1.32
21239,PINK  POLKADOT CUP,2,-17.85,311,0.64
21917,SET 12 KIDS  WHITE CHALK STICKS,2,-5.46,228,0.87
84625A,PINK NEW BAROQUECANDLESTICK CANDLE,2,-23.3,42,4.55
84616,SILVER ROCCOCO CHANDELIER,2,-89.85,9,18.18
21311,SET/4 BIRD MIRROR MAGNETS,2,-7.83,55,3.51
22199,FRYING PAN RED RETROSPOT,2,-34.0,168,1.18
22564,ALPHABET STENCIL CRAFT,2,-464.17,191,1.04
23283,DOORMAT VINTAGE LEAF,2,-57.45,233,0.85
23314,VINTAGE CHRISTMAS TABLECLOTH,2,-62.5,119,1.65
22966,GINGERBREAD MAN COOKIE CUTTER,2,-6.25,689,0.29
22718,CARD CAT AND TREE,2,-10.08,170,1.16
23222,CHRISTMAS TREE HANGING GOLD,2,-19.92,77,2.53
78033,FLAG OF ST GEORGE CHAIR,2,-17.85,8,20.0
21624,VINTAGE UNION JACK DOORSTOP,2,-29.75,98,2.0
22276,WASH BAG VINTAGE ROSE PAISLEY,2,-17.85,85,2.3
22737,RIBBON REEL CHRISTMAS PRESENT,2,-66.0,267,0.74
22678,FRENCH BLUE METAL DOOR SIGN 3,2,-13.75,161,1.23
22224,WHITE LOVEBIRD LANTERN,2,-11.8,166,1.19
23290,SPACEBOY CHILDRENS BOWL,2,-12.5,215,0.92
22691,DOORMAT WELCOME SUNRISE,2,-24.15,121,1.63
84688,BEACH HUT DESIGN BLACKBOARD,2,-55.25,15,11.76
22805,BLUE DRAWER KNOB ACRYLIC EDWARDIAN,2,-16.25,198,1.0
71038,WHITE HANGING BEADS CANDLE HOLDER,2,-27.25,49,3.92
22130,PARTY CONE CHRISTMAS DECORATION,2,-104.53,113,1.74
84836,ZINC METAL HEART DECORATION,2,-43.75,550,0.36
22204,MILK PAN BLUE POLKADOT,2,-18.75,80,2.44
84536B,FAIRY CAKES NOTEBOOK A7 SIZE,2,-20.16,179,1.1
23224,CHERUB HEART DECORATION GOLD,2,-11.62,71,2.74
23078,ICE CREAM PEN LIP GLOSS,2,-60.0,257,0.77
22182,CAKE STAND VICTORIAN FILIGREE SMALL,2,-14.85,124,1.59
22181,SNOWSTORM PHOTO FRAME FRIDGE MAGNET,2,-22.95,57,3.39
20932,PINK POT PLANT CANDLE,2,-29.5,35,5.41
21907,I'M ON HOLIDAY METAL SIGN,2,-27.3,370,0.54
22674,FRENCH TOILET SIGN BLUE METAL,2,-16.25,191,1.04
23368,SET 12 COLOUR PENCILS DOLLY GIRL,2,-3.9,239,0.83
23076,ICE CREAM SUNDAE LIP GLOSS,2,-35.0,278,0.71
22312,OFFICE MUG WARMER POLKADOT,2,-76.7,137,1.44
85116,BLACK CANDELABRA T-LIGHT HOLDER,2,-63.0,90,2.17
21381,MINI WOODEN HAPPY BIRTHDAY GARLAND,2,-42.25,230,0.86
23190,BUNDLE OF 3 SCHOOL EXERCISE BOOKS,2,-3.3,203,0.98
23142,IVORY WIRE KITCHEN ORGANISER,2,-19.55,40,4.76
22775,PURPLE DRAWERKNOB ACRYLIC EDWARDIAN,2,-35.0,254,0.78
84247E,PACK OF 12 CHRISTMAS FUN CARDS,2,-67.85,51,3.77
22414,DOORMAT NEIGHBOURHOOD WITCH,2,-16.2,95,2.06
90143,SILVER BRACELET W PASTEL FLOWER,2,-15.0,20,9.09
20675,BLUE POLKADOT BOWL,2,-15.0,325,0.61
23358,HOT STUFF HOT WATER BOTTLE,2,-125.94,90,2.17
84032A,CHARLIE+LOLA PINK HOT WATER BOTTLE,2,-82.6,316,0.63
22772,PINK DRAWER KNOB ACRYLIC EDWARDIAN,2,-3.75,262,0.76
90185B,AMETHYST DIAMANTE EXPANDABLE RING,2,-38.25,12,14.29
22271,FELTCRAFT DOLL ROSIE,2,-23.6,308,0.65
22896,PEG BAG APPLES DESIGN,2,-45.9,293,0.68
84944,SET OF 6 KASHMIR FOLKART BAUBLES,2,-95.7,85,2.3
23513,EMBROIDERED RIBBON REEL SUSIE,1,-12.48,70,1.41
21722,SWEET PUDDING STICKER SHEET,1,-0.85,36,2.7
85188A,GREEN METAL SWINGING BUNNY,1,-2.55,42,2.33
85199S,SMALL HANGING IVORY/RED WOOD BIRD,1,-10.08,274,0.36
90062,CARNIVAL BRACELET,1,-12.75,26,3.7
22028,PENNY FARTHING BIRTHDAY CARD,1,-5.04,264,0.38
22252,BIRDCAGE DECORATION TEALIGHT HOLDER,1,-7.5,71,1.39
85098B,BLUE FLYING SINGING CANARY,1,-3.75,0,100.0
72807B,SET/3 OCEAN SCENT CANDLE JEWEL BOX,1,-12.75,114,0.87
90208,PAIR OF PINK FLOWER CLUSTER SLIDE,1,-15.3,37,2.63
22825,DECORATIVE PLANT POT WITH FRIEZE,1,-13.5,28,3.45
22936,BAKING MOULD ROSE WHITE CHOCOLATE,1,-198.0,52,1.89
21520,BOOZE & WOMEN GREETING CARD,1,-0.84,58,1.69
21821,GLITTER STAR GARLAND WITH BELLS,1,-45.0,63,1.56
84927F,PSYCHEDELIC TILE HOOK,1,-1.95,46,2.13
22316,200 BENDY SKULL STRAWS,1,-1.25,56,1.75
85177,BASKET OF FLOWERS SEWING KIT,1,-0.85,64,1.54
35965,FOLKART HEART NAPKIN RINGS,1,-18.96,69,1.43
85211,S/4 GROOVY CAT MAGNETS,1,-1.58,26,3.7
21316,SMALL CHUNKY GLASS ROMAN  BOWL,1,-2.95,16,5.88
23189,SET OF 12 FORK CANDLES,1,-2.89,142,0.7
22075,6 RIBBONS ELEGANT CHRISTMAS,1,-19.8,205,0.49
84247K,"FOLK ART GREETING CARD,pack/12",1,-32.45,10,9.09
23414,ZINC BOX SIGN HOME,1,-39.8,64,1.54
22409,MONEY BOX BISCUITS DESIGN,1,-1.25,57,1.72
85180A,RED HEARTS LIGHT CHAIN,1,-27.9,64,1.54
21934,SKULL SHOULDER BAG,1,-16.5,412,0.24
22608,PENS ASSORTED FUNKY JEWELED,1,-1.33,145,0.68
90018A,SILVER M.O.P ORBIT DROP EARRINGS,1,-4.25,37,2.63
22474,SPACEBOY TV DINNER TRAY,1,-136.0,132,0.75
21412,VINTAGE GOLD TINSEL REEL,1,-2.52,0,100.0
21456,2 PICTURE BOOK EGGS EASTER CHICKS,1,-1.25,25,3.85
23372,SET 36 COLOUR PENCILS DOLLY GIRL,1,-20.0,153,0.65
84609,TALL ROCOCO CANDLE HOLDER,1,-17.0,20,4.76
20980,36 PENCILS TUBE POSY,1,-11.25,20,4.76
85114B,IVORY ENCHANTED FOREST PLACEMAT,1,-3.3,78,1.27
22671,FRENCH LAUNDRY SIGN BLUE METAL,1,-1.45,145,0.68
21700,BIG DOUGHNUT FRIDGE MAGNETS,1,-30.6,200,0.5
22452,MEASURING TAPE BABUSHKA PINK,1,-2.95,147,0.68
85087,CANDY SPOT CUSHION COVER,1,-2.95,125,0.79
47504K,ENGLISH ROSE GARDEN SECATEURS,1,-9.48,217,0.46
21786,POLKADOT RAIN HAT,1,-9.24,234,0.43
90024B,NEW BAROQUE B'FLY NECKLACE RED,1,-17.0,6,14.29
22419,LIPSTICK PEN RED,1,-2.52,281,0.35
22935,BAKING MOULD ROSE MILK CHOCOLATE,1,-198.0,65,1.52
21832,CHOCOLATE CALCULATOR,1,-41.25,205,0.49
22761,CHEST 7 DRAWER MA CAMPAGNE,1,-43.9,26,3.7
21826,EIGHT PIECE DINOSAUR SET,1,-5.0,38,2.56
22853,CAT BOWL VINTAGE CREAM,1,-19.5,116,0.85
22824,3 TIER SWEETHEART GARDEN SHELF,1,-35.95,43,2.27
85170B,SET/6 BLACK BIRD T-LIGHT CANDLES,1,-2.1,39,2.5
21801,CHRISTMAS TREE DECORATION WITH BELL,1,-15.12,125,0.79
21675,BUTTERFLIES STICKERS,1,-10.2,111,0.89
23514,EMBROIDERED RIBBON REEL SALLY,1,-12.48,74,1.33
85213,MINI  ZINC GARDEN DECORATIONS,1,-0.85,34,2.86
22119,PEACE WOODEN BLOCK LETTERS,1,-6.95,113,0.88
22412,METAL SIGN NEIGHBOURHOOD WITCH,1,-4.2,151,0.66
23419,HOME SWEET HOME BOTTLE,1,-2.08,87,1.14
22291,HANGING CHICK CREAM DECORATION,1,-34.8,127,0.78
23052,RECYCLED ACAPULCO MAT TURQUOISE,1,-8.25,278,0.36
20984,12 PENCILS TALL TUBE POSY,1,-6.96,179,0.56
23005,TRAVEL CARD WALLET I LOVE LONDON,1,-0.42,248,0.4
21164,HOME SWEET HOME METAL SIGN,1,-17.7,286,0.35
23139,SINGLE WIRE HOOK PINK HEART,1,-17.4,29,3.33
21165,BEWARE OF THE CAT METAL SIGN,1,-20.28,457,0.22
22708,WRAP DOLLY GIRL,1,-10.5,100,0.99
23087,ZINC  HEART T-LIGHT HOLDER,1,-18.75,69,1.43
22918,HERB MARKER PARSLEY,1,-7.8,246,0.4
84927A,WAKE UP COCKEREL TILE HOOK,1,-0.39,18,5.26
20830,SILVER PHOTO FRAME,1,-2.1,37,2.63
85032D,YULETIDE IMAGES GIFT WRAP SET,1,-7.8,94,1.05
84800M,MEDIUM WHITE/PINK ROSE ART FLOWER,1,-5.07,11,8.33
22537,MAGIC DRAWING SLATE DINOSAUR,1,-20.16,174,0.57
23518,EMBROIDERED RIBBON REEL RACHEL,1,-17.34,45,2.17
23215,JINGLE BELL HEART ANTIQUE SILVER,1,-214.8,216,0.46
23312,VINTAGE CHRISTMAS GIFT SACK,1,-4.15,219,0.45
85169A,IVORY LOVE BIRD CANDLE,1,-15.0,89,1.11
20898,VINTAGE NOTEBOOK TRAVELOGUE,1,-17.7,14,6.67
23316,RED REFECTORY CLOCK,1,-9.95,111,0.89
21190,PINK HEARTS PAPER GARLAND,1,-72.5,7,12.5
44234,ASSORTED CIRCULAR MOBILE,1,-0.42,37,2.63
22406,MONEY BOX KINGS CHOICE DESIGN,1,-1.25,84,1.18
22579,WOODEN TREE CHRISTMAS SCANDINAVIAN,1,-81.6,350,0.28
90059B,DIAMANTE HAIR GRIP PACK/2 BLACK DIA,1,-9.9,10,9.09
90162B,ANT SILVER LIME GREEN BOUDICCA RING,1,-2.95,10,9.09
22272,FELTCRAFT DOLL MARIA,1,-2.95,49,2.0
85025B,EAU DE NILE HEART SHAPE PHOTO FRAME,1,-1.65,39,2.5
23164,REGENCY CAKE SLICE,1,-4.95,92,1.08
84870B,BLUE GEISHA GIRL,1,-3.75,25,3.85
84906,PINK B'FLY C/COVER W BOBBLES,1,-1.95,12,7.69
21167,WHITE SAGE INCENSE,1,-10.5,67,1.47
21942,SKULLS DESIGN FLANNEL,1,-10.2,103,0.96
90176A,CLASSIC DIAMANTE NECKLACE JET,1,-7.5,2,33.33
22099,CARAVAN SQUARE TISSUE BOX,1,-11.25,164,0.61
21213,PACK OF 72 SKULL CAKE CASES,1,-26.4,677,0.15
84926F,PSYCHEDELIC TILE COASTER,1,-6.96,28,3.45
22450,SILK PURSE BABUSHKA BLUE,1,-3.35,60,1.64
23065,LARGE DECO JEWELLERY STAND,1,-12.5,100,0.99
23377,PACK OF 12 DOLLY GIRL TISSUES,1,-3.12,137,0.72
35957,SMALLFOLKART BAUBLE CHRISTMAS DEC,1,-18.24,41,2.38
21055,TOOL BOX SOFT TOY,1,-53.7,107,0.93
72816,SET/3 CHRISTMAS DECOUPAGE CANDLES,1,-30.0,70,1.41
23413,VINTAGE COFFEE GRINDER BOX,1,-49.8,60,1.64
20957,PORCELAIN HANGING BELL SMALL,1,-1.45,0,100.0
23039,T-LIGHT HOLDER SILVER HEART HANDLE,1,-11.7,29,3.33
21385,IVORY HANGING DECORATION  HEART,1,-1.7,330,0.3
21991,BOHEMIAN COLLAGE STATIONERY SET,1,-15.0,212,0.47
22229,BUNNY WOODEN PAINTED WITH FLOWER,1,-1.7,103,0.96
22249,DECORATION WHITE CHICK MAGIC GARDEN,1,-3.4,156,0.64
22522,CHILDS GARDEN FORK BLUE,1,-10.2,132,0.75
90202D,PINK ENAMEL FLOWER HAIR TIE,1,-17.7,11,8.33
85036A,GARDENIA 1 WICK MORRIS BOXED CANDLE,1,-1.25,70,1.41
20677,PINK POLKADOT BOWL,1,-6.25,339,0.29
23523,WALL ART TREASURE AHOY,1,-22.5,41,2.38
22921,HERB MARKER CHIVES,1,-7.8,215,0.46
84559B,3D SHEET OF CAT STICKERS,1,-3.4,56,1.75
22713,CARD I LOVE LONDON,1,-3.36,223,0.45
23109,PACK OF SIX LED TEA LIGHTS,1,-239.04,277,0.36
21033,JUMBO BAG CHARLIE AND LOLA TOYS,1,-1.79,301,0.33
47013C,WINE BOTTLE DRESSING DARK BLUE,1,-1.44,12,7.69
22029,SPACEBOY BIRTHDAY CARD,1,-5.04,530,0.19
21206,STRAWBERRY HONEYCOMB  GARLAND,1,-3.3,111,0.89
90202B,WHITE ENAMEL FLOWER HAIR TIE,1,-17.7,10,9.09
35953,FOLKART STAR CHRISTMAS DECORATIONS,1,-30.0,135,0.74
23426,METAL SIGN DROP YOUR PANTS,1,-17.34,210,0.47
85231B,CINAMMON SET OF 9 T-LIGHTS,1,-9.35,154,0.65
22757,LARGE RED BABUSHKA NOTEBOOK,1,-1.25,164,0.61
22491,PACK OF 12 COLOURED PENCILS,1,-10.2,222,0.45
21846,PINK DIAMANTE PEN IN GIFT BOX,1,-59.4,103,0.96
23410,CURIO CABINET LINEN AND LACE,1,-8.15,18,5.26
20856,DENIM PATCH PURSE PINK BUTTERFLY,1,-16.5,61,1.61
21588,RETROSPOT GIANT TUBE MATCHES,1,-2.55,138,0.72
21012,ANTIQUE ALL GLASS CANDLESTICK,1,-6.3,202,0.49
21417,COCKLE SHELL DISH,1,-2.1,68,1.45
23392,SPACEBOY ROCKET LOLLY MAKERS,1,-49.92,118,0.84
23050,RECYCLED ACAPULCO MAT GREEN,1,-8.25,205,0.49
22471,TV DINNER TRAY AIR HOSTESS,1,-1.95,106,0.93
22855,FINE WICKER HEART,1,-15.0,239,0.42
23264,SET OF 3 WOODEN SLEIGH DECORATIONS,1,-1.25,317,0.31
21320,GLASS CHALICE GREEN  LARGE,1,-14.7,20,4.76
84086B,YELLOW/BLUE RETRO RADIO,1,-2.95,8,11.11
22454,MEASURING TAPE BABUSHKA RED,1,-23.6,43,2.27
85169D,PINK LOVE BIRD CANDLE,1,-1.25,50,1.96
22261,FELT EGG COSY WHITE RABBIT,1,-3.4,116,0.85
22048,BIRTHDAY BANQUET GIFT WRAP,1,-10.5,32,3.03
21784,SHOE SHINE BOX,1,-19.9,44,2.22
21110,LARGE CAKE TOWEL PINK SPOTS,1,-13.5,136,0.73
84857C,PINK MONTE CARLO HANDBAG,1,-1.95,10,9.09
22202,MILK PAN PINK POLKADOT,1,-3.75,37,2.63
23073,GEORGIAN TRINKET BOX,1,-12.5,62,1.59
84971S,SMALL HEART FLOWERS HOOK,1,-0.85,175,0.57
23332,IVORY WICKER HEART LARGE,1,-3.3,301,0.33
47599A,PINK PARTY BAGS,1,-12.6,167,0.6
16202E,BLACK PHOTO ALBUM,1,-5.55,3,25.0
22101,MIRROR MOSAIC VOTIVE HOLDER,1,-126.36,69,1.43
22195,LARGE HEART MEASURING SPOONS,1,-1.65,381,0.26
21648,ASSORTED TUTTI FRUTTI SMALL PURSE,1,-1.25,68,1.45
22091,EMPIRE TISSUE BOX,1,-8.75,172,0.58
22161,HEART DECORATION RUSTIC HANGING,1,-4.56,362,0.28
21677,HEARTS  STICKERS,1,-10.2,119,0.83
84751B,BLACK MEDIUM GLASS CAKE STAND,1,-0.79,9,10.0
90201C,RED ENAMEL FLOWER RING,1,-17.7,21,4.55
35961,FOLKART ZINC HEART CHRISTMAS DEC,1,-0.85,250,0.4
22378,WALL TIDY RETROSPOT,1,-2.1,295,0.34
20832,RED FLOCK LOVE HEART PHOTO FRAME,1,-0.85,84,1.18
21439,BASKET OF TOADSTOOLS,1,-432.48,131,0.76
23066,SMALL DECO JEWELLERY STAND,1,-8.25,85,1.16
21756,BATH BUILDING BLOCK WORD,1,-11.9,284,0.35
23524,WALL ART HORSE & PONY,1,-22.5,63,1.56
21864,UNION JACK FLAG PASSPORT COVER,1,-42.0,187,0.53
85019C,CURIOUS  IMAGES NOTEBOOK SET,1,-51.0,11,8.33
20978,36 PENCILS TUBE SKULLS,1,-20.0,269,0.37
47574A,ENGLISH ROSE SCENTED HANGING FLOWER,1,-1.5,116,0.85
16235,RECYCLED PENCIL WITH RABBIT ERASER,1,-0.21,169,0.59
85039C,S/4 BLACK MINI ROSE CANDLE IN BOWL,1,-1.65,67,1.47
21911,GARDEN METAL SIGN,1,-19.8,29,3.33
23583,LUNCH BAG PAISLEY PARK,1,-16.5,338,0.29
84012,MAGIC SHEEP WOOL GROWING FROM PAPER,1,-102.0,116,0.85
22574,HEART WOODEN CHRISTMAS DECORATION,1,-138.24,225,0.44
22581,WOOD STOCKING CHRISTMAS SCANDISPOT,1,-1.7,184,0.54
23428,IVORY RETRO KITCHEN WALL CLOCK,1,-16.3,33,2.94
23556,LANDMARK FRAME COVENT GARDEN,1,-12.5,56,1.75
21455,PAINTED YELLOW WOODEN DAISY,1,-11.05,120,0.83
84461,12 PINK HEN+CHICKS IN BASKET,1,-15.3,14,6.67
23086,ZINC  STAR T-LIGHT HOLDER,1,-20.0,48,2.04
23133,LARGE IVORY HEART WALL ORGANISER,1,-8.25,155,0.64
22594,CHRISTMAS GINGHAM TREE,1,-0.85,197,0.51
85039A,SET/4 RED MINI ROSE CANDLE IN BOWL,1,-1.65,164,0.61
22878,NUMBER TILE COTTAGE GARDEN No,1,-2.1,33,2.94
23117,POPPY FIELDS CHOPPING BOARD,1,-4.95,45,2.17
84809A,WHITE CHRYSANTHEMUMS ART FLOWER,1,-4.2,8,11.11
23045,PAPER LANTERN 5 POINT STAR MOON,1,-83.0,25,3.85
DOT,DOTCOM POSTAGE,1,-3.29,706,0.14
21066,VINTAGE RED MUG,1,-15.0,55,1.79
51014A,"FEATHER PEN,HOT PINK",1,-61.2,243,0.41
35832,WOOLLY HAT SOCK GLOVE ADVENT STRING,1,-2.95,0,100.0
21503,TOYBOX  WRAP,1,-0.42,23,4.17
79320,FLAMINGO LIGHTS,1,-4.95,0,100.0
22619,SET OF 6 SOLDIER SKITTLES,1,-15.0,450,0.22
22305,COFFEE MUG PINK PAISLEY DESIGN,1,-2.55,51,1.92
23090,VINTAGE GLASS T-LIGHT HOLDER,1,-7.47,153,0.65
21650,ASSORTED TUTTI FRUTTI BRACELET,1,-4.56,139,0.71
21633,SUNFLOWER DECORATIVE PARASOL,1,-12.75,42,2.33
23444,Next Day Carriage,1,-15.0,79,1.25
21716,BOYS VINTAGE TIN SEASIDE BUCKET,1,-20.4,246,0.4
90059C,DIAMANTE HAIR GRIP PACK/2 MONTANA,1,-9.9,10,9.09
21775,DECORATIVE FLORE BATHROOM BOTTLE,1,-3.75,139,0.71
84452,METAL RABBIT LADDER EASTER,1,-3.4,16,5.88
21883,STARS GIFT TAPE,1,-0.19,133,0.75
10135,COLOURING PENCILS BROWN TUBE,1,-1.25,179,0.56
22916,HERB MARKER THYME,1,-7.8,245,0.41
22211,WOOD STAMP SET FLOWERS,1,-69.6,202,0.49
84927E,FLOWERS TILE HOOK,1,-4.2,14,6.67
21382,SET/4 SPRING FLOWER DECORATION,1,-6.0,131,0.76
84985A,SET OF 72 GREEN PAPER DOILIES,1,-7.25,20,4.76
20886,BOX OF 9 PEBBLE CANDLES,1,-11.7,105,0.94
23424,GINGHAM RECIPE BOOK BOX,1,-4.95,136,0.73
22096,PINK PAISLEY SQUARE TISSUE BOX,1,-2.34,126,0.79
21248,DOOR HANGER  MUM + DADS ROOM,1,-1.45,66,1.49
23630,SET 10 CARDS HANGING BAUBLES 17080,1,-2.99,2,33.33
90202C,GREEN ENAMEL FLOWER HAIR TIE,1,-17.7,14,6.67
90003D,CRYSTAL PAIR HEART HAIR SLIDES,1,-15.0,16,5.88
22747,POPPY'S PLAYHOUSE BATHROOM,1,-12.6,232,0.43
23157,SET OF 6 NATIVITY MAGNETS,1,-444.0,171,0.58
22789,T-LIGHT HOLDER SWEETHEART HANGING,1,-1.95,143,0.69
22764,"RUSTIC WOODEN CABINET, GLASS DOORS",1,-24.95,3,25.0
21084,SET/6 COLLAGE PAPER CUPS,1,-4.56,184,0.54
23567,EGG CUP HENRIETTA HEN PINK,1,-1.25,38,2.56
79323W,"Unsaleable, destroyed.",1,-54.0,0,100.0
23041,PAPER LANTERN 9 POINT SNOW STAR,1,-99.6,54,1.82
21581,SKULLS  DESIGN  COTTON TOTE BAG,1,-27.0,79,1.25
21380,WOODEN HAPPY BIRTHDAY GARLAND,1,-2.95,293,0.34
21129,SILVER FISHING GNOME,1,-13.9,27,3.57
21708,FOLDING UMBRELLA CREAM POLKADOT,1,-4.95,65,1.52
22535,MAGIC DRAWING SLATE BUNNIES,1,-20.16,137,0.72
90059E,DIAMANTE HAIR GRIP PACK/2 RUBY,1,-9.9,15,6.25
84575A,PINK DOG CANNISTER,1,-5.95,4,20.0
21319,GLASS CHALICE GREEN  SMALL,1,-1.65,19,5.0
22132,RED LOVE HEART SHAPE CUP,1,-10.2,154,0.65
20866,BLUE ROSE FABRIC MIRROR,1,-127.2,91,1.09
90050,CRACKED GLAZE NECKLACE IVORY,1,-13.9,4,20.0
22217,T-LIGHT HOLDER HANGING LACE,1,-50.0,83,1.19
23153,ZINC SWEETHEART WIRE LETTER RACK,1,-15.0,90,1.1
22883,NUMBER TILE VINTAGE FONT 4,1,-1.95,32,3.03
22673,FRENCH GARDEN SIGN BLUE METAL,1,-15.0,134,0.74
21973,SET OF 36 MUSHROOM PAPER DOILIES,1,-1.45,30,3.23
85135C,RED DRAGONFLY HELICOPTER,1,-7.95,68,1.45
90209C,PINK ENAMEL+GLASS HAIR COMB,1,-6.3,31,3.13
84536A,ENGLISH ROSE NOTEBOOK A7 SIZE,1,-13.44,345,0.29
20854,BLUE PATCH PURSE PINK HEART,1,-23.1,42,2.33
79030D,TUMBLER BAROQUE,1,-0.39,48,2.04
23390,DOLLY GIRL MINI BACKPACK,1,-4.15,170,0.58
85232D,SET/3 DECOUPAGE STACKING TINS,1,-14.85,70,1.41
23338,EGG FRYING PAN RED,1,-12.48,109,0.91
23568,EGG CUP HENRIETTA HEN CREAM,1,-1.25,48,2.04
72799E,IVORY PILLAR CANDLE SILVER FLOCK,1,-17.7,78,1.27
21408,SPOTTY PINK DUCK DOORSTOP,1,-8.5,120,0.83
48111,DOORMAT 3 SMILEY CATS,1,-15.9,236,0.42
22049,WRAP CHRISTMAS SCREEN PRINT,1,-10.5,34,2.86
21993,FLORAL FOLK STATIONERY SET,1,-15.0,432,0.23
22975,SPACEBOY CHILDRENS EGG CUP,1,-1.25,188,0.53
21163,DO NOT TOUCH MY STUFF DOOR HANGER,1,-1.25,136,0.73
90147,CHUNKY SILVER NECKLACE PASTEL FLOWE,1,-19.9,23,4.17
22336,DOVE DECORATION PAINTED ZINC,1,-14.95,83,1.19
84813,SET OF 4 DIAMOND NAPKIN RINGS,1,-3.95,38,2.56
84800S,SMALL WHITE/PINK ROSE ART FLOWER,1,-2.5,10,9.09
35598D,PINK/WHITE CHRISTMAS TREE 60CM,1,-0.65,42,2.33
21263,GREEN GOOSE FEATHER TREE 60CM,1,-3.9,45,2.17
10133,COLOURING PENCILS BROWN TUBE,1,-4.2,198,0.5
84970L,SINGLE HEART ZINC T-LIGHT HOLDER,1,-11.4,459,0.22
35001W,HAND OPEN SHAPE DECO.WHITE,1,-3.49,5,16.67
22986,WRAP GINGHAM ROSE,1,-10.5,155,0.64
23034,DRAWER KNOB CERAMIC BLACK,1,-8.7,92,1.08
84843,WHITE SOAP RACK WITH 2 BOTTLES,1,-5.95,49,2.0
16219,HOUSE SHAPE PENCIL SHARPENER,1,-2.88,100,0.99
22679,FRENCH BLUE METAL DOOR SIGN 4,1,-12.5,153,0.65
22576,SWALLOW WOODEN CHRISTMAS DECORATION,1,-5.1,178,0.56
20836,FRENCH PAISLEY CUSHION COVER,1,-9.96,17,5.56
21850,BLUE  DIAMANTE PEN IN GIFT BOX,1,-153.0,55,1.79
84600,NEW BAROQUE JEWELLERY BOX,1,-7.95,25,3.85
23434,3 RAFFIA RIBBONS 50'S CHRISTMAS,1,-7.9,201,0.5
82613D,METAL SIGN CUPCAKE SINGLE HOOK,1,-8.4,112,0.88
21179,NO JUNK MAIL METAL SIGN,1,-4.68,274,0.36
23285,PINK VINTAGE SPOT BEAKER,1,-1.7,192,0.52
23508,MINI PLAYING CARDS DOLLY GIRL,1,-0.84,132,0.75
85169C,EAU DE NIL LOVE BIRD CANDLE,1,-15.0,46,2.13
20733,GOLD MINI TAPE MEASURE,1,-216.0,208,0.48
22031,BOTANICAL LAVENDER BIRTHDAY CARD,1,-5.04,80,1.23
23220,REINDEER HEART DECORATION GOLD,1,-9.96,105,0.94
20754,RETROSPOT RED WASHING UP GLOVES,1,-2.1,308,0.32
16259,PIECE OF CAMO STATIONERY SET,1,-8.64,31,3.13
20658,RED RETROSPOT LUGGAGE TAG,1,-15.0,108,0.92
22405,MONEY BOX POCKET MONEY DESIGN,1,-1.06,72,1.37
16054,POPART RECT PENCIL SHARPENER ASST,1,-12.96,33,2.94
90168,2 DAISIES HAIR COMB,1,-17.7,12,7.69
23025,DRAWER KNOB VINTAGE GLASS BALL,1,-12.48,54,1.82
21736,GOLD SCROLL GLASS T-LIGHT HOLDER,1,-1.17,6,14.29
21349,IVY HEART WREATH,1,-27.0,11,8.33
21158,MOODY GIRL DOOR HANGER,1,-9.36,179,0.56
23138,SINGLE WIRE HOOK IVORY HEART,1,-17.4,87,1.14
21411,GINGHAM HEART  DOORSTOP RED,1,-25.5,246,0.4
20961,STRAWBERRY BATH SPONGE,1,-62.5,231,0.43
23389,SPACEBOY MINI BACKPACK,1,-8.3,244,0.41
79337,BLUE FLOCK GLASS CANDLEHOLDER,1,-2.28,10,9.09
22534,MAGIC DRAWING SLATE SPACEBOY,1,-0.84,266,0.37
72818,CHRISTMAS DECOUPAGE CANDLE,1,-25.92,78,1.27
23352,ROLL WRAP 50'S RED CHRISTMAS,1,-15.0,215,0.46
22400,MAGNETS PACK OF 4 HOME SWEET HOME,1,-0.39,159,0.63
15060B,FAIRY CAKE DESIGN UMBRELLA,1,-3.75,131,0.76
22546,MINI JIGSAW PURDEY,1,-0.42,87,1.14
21383,PACK OF 12 STICKY BUNNIES,1,-1.3,175,0.57
22416,SET OF 36 DOILIES SPACEBOY DESIGN,1,-8.7,76,1.3
90200B,BLACK SWEETHEART BRACELET,1,-4.25,47,2.08
22105,MIRROR MOSAIC GOBLET CANDLE HOLDER,1,-228.0,33,2.94
22669,RED BABY BUNTING,1,-127.5,234,0.43
21628,TRIANGULAR POUFFE VINTAGE,1,-29.9,34,2.86
84659A,WHITE TRAVEL ALARM CLOCK,1,-2.55,89,1.11
21745,GAOLERS KEYS DECORATIVE GARDEN,1,-15.0,218,0.46
21495,SKULLS AND CROSSBONES WRAP,1,-10.5,165,0.6
23400,SHELF WITH 4 HOOKS HOME SWEET HOME,1,-12.5,108,0.92
22246,MAGIC GARDEN FELT GARLAND,1,-23.4,90,1.1
22372,AIRLINE BAG VINTAGE WORLD CHAMPION,1,-4.25,148,0.67
21916,SET 12 RETRO WHITE CHALK STICKS,1,-10.08,366,0.27
84931B,BLUE SCOTTIE DOG W FLOWER PATTERN,1,-7.65,51,1.92
23333,IVORY WICKER HEART MEDIUM,1,-15.0,249,0.4
84598,BOYS ALPHABET IRON ON PATCHES,1,-60.48,99,1.0
85126,LARGE ROUND CUTGLASS CANDLESTICK,1,-6.75,1,50.0
20707,CRAZY DAISY HEART DECORATION,1,-1.25,149,0.67
21770,OPEN CLOSED METAL SIGN,1,-29.7,391,0.26
22110,BIRD HOUSE HOT WATER BOTTLE,1,-5.1,289,0.34
15044A,PINK PAPER PARASOL,1,-2.95,103,0.96
22792,FLUTED ANTIQUE CANDLE HOLDER,1,-10.2,208,0.48
22547,MINI JIGSAW DINOSAUR,1,-0.84,102,0.97
84839,SWEETHEART KEY CABINET,1,-5.55,0,100.0
22882,NUMBER TILE VINTAGE FONT 3,1,-1.95,42,2.33
23843,"PAPER CRAFT , LITTLE BIRDIE",1,-168469.6,1,50.0
23445,ICE CREAM BUBBLES,1,-16.6,103,0.96
23452,HEART MINI PORTRAIT FRAME,1,-1.95,87,1.14
20781,GOLD EAR MUFF HEADPHONES,1,-5.49,28,3.45
22050,PINK PAISLEY ROSE GIFT WRAP,1,-10.5,40,2.44
85103,SILVER T-LIGHT SETTING,1,-220.15,28,3.45
84951A,SET OF 4 PISTACHIO LOVEBIRD COASTER,1,-18.96,94,1.05
23535,WALL ART BICYCLE SAFETY,1,-5.95,220,0.45
21682,LARGE MEDINA STAMPED METAL BOWL,1,-14.85,55,1.79
85036B,CHOCOLATE 1 WICK MORRIS BOX CANDLE,1,-25.5,52,1.89
22820,GIFT BAG BIRTHDAY,1,-1.3,78,1.27
84006,MAGIC TREE -PAPER FLOWERS,1,-0.85,106,0.93
21285,RETROSPOT CANDLE  MEDIUM,1,-15.6,43,2.27
23106,ZINC HEARTS PLANT POT HOLDER,1,-34.68,53,1.85
22102,MIRROR MOSAIC T-LIGHT HOLDER,1,-280.8,31,3.13
21317,GLASS SPHERE CANDLE STAND MEDIUM,1,-4.95,36,2.7
22296,HEART IVORY TRELLIS LARGE,1,-1.65,332,0.3
79190A,RETRO PLASTIC 70'S TRAY,1,-1.26,63,1.56
84508B,STRIPES DESIGN TEDDY,1,-15.3,31,3.13
22598,CHRISTMAS MUSICAL ZINC TREE,1,-5.1,98,1.01
84422,PINK/BLUE DISC/MIRROR STRING,1,-18.72,15,6.25
22348,TEA BAG PLATE RED RETROSPOT,1,-10.2,363,0.27
16258A,SWIRLY CIRCULAR RUBBERS IN BAG,1,-0.42,59,1.67
21123,SET/10 IVORY POLKADOT PARTY CANDLES,1,-30.0,159,0.63
21069,VINTAGE BILLBOARD TEA MUG,1,-743.06,87,1.14
22575,METAL MERRY CHRISTMAS WREATH,1,-11.7,93,1.06
22977,DOLLY GIRL CHILDRENS EGG CUP,1,-1.25,137,0.72
90064B,BLACK VINTAGE  CRYSTAL EARRINGS,1,-3.75,7,12.5
22188,BLACK HEART CARD HOLDER,1,-3.95,190,0.52
47469,ASSORTED SHAPES PHOTO CLIP SILVER,1,-15.6,19,5.0
22483,RED GINGHAM TEDDY BEAR,1,-2.95,173,0.57
23074,EMBOSSED HEART TRINKET BOX,1,-12.48,49,2.0
20772,GARDEN PATH JOURNAL,1,-2.55,65,1.52
23023,RIDGED BONNE JAM JAR T-LIGHT HOLDER,1,-3.3,27,3.57
20798,CLEAR MILKSHAKE GLASS,1,-6.6,5,16.67
90182C,BLACK 3 BEAD DROP EARRINGS,1,-17.7,9,10.0
22081,RIBBON REEL FLORA + FAUNA,1,-16.5,140,0.71
90183A,AMBER DROP EARRINGS W LONG BEADS,1,-17.7,23,4.17
21373,MIRRORED WALL ART SNOWFLAKES,1,-9.0,47,2.08
23415,HOME SWEET HOME HOOK,1,-8.25,47,2.08
20901,VINTAGE KEEPSAKE BOX PINK FLOWER,1,-12.7,16,5.88
22295,HEART FILIGREE DOVE LARGE,1,-19.8,260,0.38
84820,DANISH ROSE TRINKET TRAYS,1,-23.8,32,3.03
23266,SET OF 3 WOODEN STOCKING DECORATION,1,-15.0,342,0.29
23398,HANGING HEART BONHEUR,1,-0.85,78,1.27
21494,ROTATING LEAVES T-LIGHT HOLDER,1,-2.5,321,0.31
90058B,CRYSTAL STUD EARRINGS ASSORTED COL,1,-13.68,15,6.25
23233,WRAP POPPIES  DESIGN,1,-10.5,159,0.63
22449,SILK PURSE BABUSHKA PINK,1,-20.1,145,0.68
21058,PARTY INVITES WOODLAND,1,-10.2,127,0.78
22895,SET OF 2 TEA TOWELS APPLE AND PEARS,1,-17.7,291,0.34
37503,TEA TIME CAKE STAND IN GIFT BOX,1,-10.75,0,100.0
21506,"FANCY FONT BIRTHDAY CARD,",1,-5.04,326,0.31
84927D,LA PALMIERA TILE HOOK,1,-4.2,15,6.25
23544,WALL ART MID CENTURY MODERN,1,-8.25,20,4.76
22279,POCKET BAG BLUE PAISLEY RED SPOT,1,-1.25,133,0.75
21880,RED RETROSPOT TAPE,1,-7.8,241,0.41
90177D,DROP DIAMANTE EARRINGS PURPLE,1,-17.7,14,6.67
22260,FELT EGG COSY BLUE RABBIT,1,-3.4,107,0.93
21088,SET/6 FRUIT SALAD PAPER CUPS,1,-2.28,103,0.96
90003B,ROSE COLOUR PAIR HEART HAIR SLIDES,1,-15.0,10,9.09
47422,ASSORTED MONKEY SUCTION CUP HOOK,1,-0.42,58,1.69
21774,DECORATIVE CATS BATHROOM BOTTLE,1,-1.25,187,0.53
22595,GINGHAM HEART DECORATION,1,-103.68,476,0.21
21578,WOODLAND DESIGN  COTTON TOTE BAG,1,-4.5,129,0.77
22560,TRADITIONAL MODELLING CLAY,1,-1.06,390,0.26
21584,RETROSPOT SMALL TUBE MATCHES,1,-1.65,159,0.63
23329,DECORATIVE WICKER HEART LARGE,1,-4.95,261,0.38
23185,FRENCH STYLE STORAGE JAR JAM,1,-0.29,32,3.03
23140,TRIPLE WIRE HOOK IVORY HEART,1,-49.8,52,1.89
21508,VINTAGE KID DOLLY CARD,1,-5.04,214,0.47
84803B,WHITE ALLIUM  ARTIFICIAL FLOWER,1,-5.07,4,20.0
90118,PINK DAISY BAG CHARM,1,-15.3,19,5.0
72140E,BEST DAD CANDLE LETTERS,1,-0.85,8,11.11
22904,CALENDAR PAPER CUT DESIGN,1,-5.9,278,0.36
23597,PAPER BUNTING PAISLEY PARK,1,-17.7,33,2.94
85176,SEWING SUSAN 21 NEEDLE SET,1,-0.85,172,0.58
22593,CHRISTMAS GINGHAM STAR,1,-103.68,202,0.49
90185A,AMBER DIAMANTE EXPANDABLE RING,1,-25.5,13,7.14
22739,RIBBON REEL CHRISTMAS SOCK BAUBLE,1,-16.5,326,0.31
23211,RED ROCKING HORSE HAND PAINTED,1,-30.0,164,0.61
23016,GLASS TWIST BON BON JAR,1,-19.95,24,4.0
37501,TEA TIME TEA SET IN GIFT BOX,1,-13.9,49,2.0
84952B,BLACK LOVE BIRD T-LIGHT HOLDER,1,-11.25,29,3.33
23367,SET 12 COLOUR PENCILS SPACEBOY,1,-10.4,289,0.34
23129,HEART SHAPED HOLLY WREATH,1,-4.15,172,0.58
21197,MULTICOLOUR  CONFETTI IN TUBE,1,-34.65,27,3.57
90170,DAISY HAIR BAND,1,-19.8,37,2.63
84884A,ANT WHITE WIRE HEART SPIRAL,1,-3.95,78,1.27
21015,DARK BIRD HOUSE TREE DECORATION,1,-1.16,144,0.69
23566,EGG CUP MILKMAID HEIDI,1,-5.0,84,1.18
72815,3 WICK CHRISTMAS BRIAR CANDLE,1,-15.0,2,33.33
90177A,CLASSIC DIAMANTE EARRINGS JET,1,-17.7,9,10.0
82578,KITCHEN METAL SIGN,1,-6.6,309,0.32
85065,CREAM SWEETHEART TRAYS,1,-12.75,0,100.0
22155,STAR DECORATION RUSTIC,1,-20.16,151,0.66
22209,WOOD STAMP SET HAPPY BIRTHDAY,1,-9.96,178,0.56
85230G,ORANGE VOTIVE CANDLE,1,-13.92,25,3.85
22453,MEASURING TAPE BABUSHKA BLUE,1,-2.95,81,1.22
21802,CHRISTMAS TREE HEART DECORATION,1,-0.42,183,0.54
22394,PAPERWEIGHT KINGS CHOICE,1,-15.3,23,4.17
22511,RETROSPOT BABUSHKA DOORSTOP,1,-3.75,54,1.82
23054,RECYCLED ACAPULCO MAT LAVENDER,1,-8.25,131,0.76
22345,PARTY PIZZA DISH BLUE POLKADOT,1,-15.3,74,1.33
21647,ASSORTED TUTTI FRUTTI LARGE PURSE,1,-2.1,30,3.23
84840,SWEETHEART CARRY-ALL BASKET,1,-17.0,6,14.29
21667,GLASS CAKE COVER AND PLATE,1,-29.9,1,50.0
22476,EMPIRE UNION JACK TV DINNER TRAY,1,-39.6,126,0.79
23412,HEART MIRROR ANTIQUE WHITE,1,-15.0,77,1.28
84632,DECORATIVE HANGING SHELVING UNIT,1,-59.95,5,16.67
22074,6 RIBBONS SHIMMERING PINKS,1,-19.8,201,0.5
21445,12 PINK ROSE PEG PLACE SETTINGS,1,-5.0,21,4.55
90098,NECKLACE+BRACELET PINK BUTTERFLY,1,-15.3,10,9.09
85104,SILVER GLASS T-LIGHT SET,1,-8.85,17,5.56
22194,BLACK DINER WALL CLOCK,1,-17.0,44,2.22
23491,VINTAGE JINGLE BELLS HEART,1,-8.25,79,1.25
47504H,ENGLISH ROSE SPIRIT LEVEL,1,-5.0,118,0.84
23511,EMBROIDERED RIBBON REEL EMILY,1,-10.4,101,0.98
22917,HERB MARKER ROSEMARY,1,-7.8,248,0.4
90101,WHITE FRANGIPANI NECKLACE,1,-15.3,17,5.56
20705,MRS ROBOT SOFT TOY,1,-1.95,28,3.45
22263,FELT EGG COSY LADYBIRD,1,-32.34,54,1.82
22877,NUMBER TILE COTTAGE GARDEN 9,1,-1.95,19,5.0
22885,NUMBER TILE VINTAGE FONT 6,1,-1.95,28,3.45
16161P,WRAP ENGLISH ROSE,1,-10.5,249,0.4
35004G,SET OF 3 GOLD FLYING DUCKS,1,-3.9,21,4.55
22340,NOEL GARLAND PAINTED ZINC,1,-17.4,130,0.76
22389,PAPERWEIGHT SAVE THE PLANET,1,-210.0,45,2.17
20936,FORKED CACTUS CANDLE,1,-2.95,34,2.86
23228,FILIGREE HEART BIRD WHITE,1,-149.76,126,0.79
22322,BIRD DECORATION GREEN POLKADOT,1,-10.2,139,0.71
21645,ASSORTED TUTTI FRUTTI ROUND BOX,1,-39.6,0,100.0
79191D,RETRO PLASTIC DAISY TRAY,1,-10.2,16,5.88
37327,ASSTD MULTICOLOUR CIRCLES MUG,1,-1.56,84,1.18
23223,CHRISTMAS TREE HANGING SILVER,1,-9.96,91,1.09
35923,CANDY HEART HANGING DECORATION,1,-0.39,63,1.56
85027L,FRENCH CHATEAU LARGE PLATTER,1,-9.75,18,5.26
84251B,"GREETING CARD, STICKY GORDON",1,-2.28,53,1.85
46000M,POLYESTER FILLER PAD 45x45cm,1,-1.55,138,0.72
21981,PACK OF 12 WOODLAND TISSUES,1,-2.73,276,0.36
22093,MOTORING TISSUE BOX,1,-15.0,167,0.6
22515,CHILDS GARDEN SPADE PINK,1,-4.2,84,1.18
85088,CANDY SPOT HAND BAG,1,-4.2,52,1.89
90059A,DIAMANTE HAIR GRIP PACK/2 CRYSTAL,1,-9.9,27,3.57
35921,EASTER BUNNY HANGING GARLAND,1,-1.25,23,4.17
85204,HANGING WOOD AND FELT FLOWER,1,-0.12,106,0.93
22319,HAIRCLIPS FORTIES FABRIC ASSORTED,1,-3.9,63,1.56
21686,MEDINA STAMPED METAL STOOL,1,-39.95,20,4.76
22751,FELTCRAFT PRINCESS OLIVIA DOLL,1,-7.5,294,0.34
21643,ASSORTED TUTTI FRUTTI MIRROR,1,-15.0,60,1.64
85071B,RED CHARLIE+LOLA PERSONAL DOORSIGN,1,-5.9,132,0.75
21901,"KEY FOB , BACK DOOR",1,-5.85,318,0.31
22200,FRYING PAN PINK POLKADOT,1,-15.0,141,0.7
84881,BLUE WIRE SPIRAL CANDLE HOLDER,1,-6.35,6,14.29
22314,OFFICE MUG WARMER CHOC+BLUE,1,-5.9,136,0.73
22080,RIBBON REEL POLKADOTS,1,-16.5,160,0.62
84754,S/15 SILVER GLASS BAUBLES IN BAG,1,-152.64,63,1.56
79164,BLACK WINE GLASS,1,-4.95,21,4.55
21059,PARTY INVITES DINOSAURS,1,-10.2,94,1.05
22869,NUMBER TILE COTTAGE GARDEN 1,1,-1.95,44,2.22
90076,MONTANA DIAMOND CLUSTER EARRINGS,1,-2.55,4,20.0
82616C,MIDNIGHT GLAMOUR SCARF KNITTING KIT,1,-3.75,85,1.16
22354,RETROSPOT PADDED SEAT CUSHION,1,-3.39,83,1.19
20840,FRENCH FLORAL CUSHION COVER,1,-10.2,75,1.32
85185B,PINK HORSE SOCK PUPPET,1,-2.95,80,1.23
85014A,BLACK/BLUE POLKADOT UMBRELLA,1,-35.7,279,0.36
22545,MINI JIGSAW BUNNIES,1,-0.42,76,1.3
85173,SET/6 FROG PRINCE T-LIGHT CANDLES,1,-12.75,87,1.14
22954,HEN PARTY CORDON BARRIER TAPE,1,-1.25,41,2.38
23376,PACK OF 12 VINTAGE CHRISTMAS TISSUE,1,-9.36,160,0.62
23161,REGENCY CAKE FORK,1,-15.0,98,1.01
85231G,ORANGE SCENTED SET/9 T-LIGHTS,1,-8.5,82,1.2
85049A,TRADITIONAL CHRISTMAS RIBBONS,1,-15.0,331,0.3
21114,LAVENDER SCENTED FABRIC HEART,1,-12.5,143,0.69
84629,WHITE 3 FRAME BIRDS AND TREE,1,-4.95,10,9.09
21390,FILIGRIS HEART WITH BUTTERFLY,1,-3.75,221,0.45
85023C,PINK LARGE JEWELED PHOTOFRAME,1,-2.55,0,100.0
90209A,PURPLE ENAMEL+GLASS HAIR COMB,1,-12.6,4,20.0
21407,BROWN CHECK CAT DOORSTOP,1,-4.25,138,0.72
22811,SET OF 6 T-LIGHTS CACTI,1,-2.95,109,0.91
22250,DECORATION  BUTTERFLY  MAGIC GARDEN,1,-3.4,149,0.67
85024C,PINK SMALL JEWELLED PHOTOFRAME,1,-1.65,9,10.0
22615,PACK OF 12 CIRCUS PARADE TISSUES,1,-4.68,103,0.96
23213,STAR WREATH DECORATION WITH BELL,1,-15.0,156,0.64
22496,SET OF 2 ROUND TINS DUTCH CHEESE,1,-11.8,80,1.23
22599,CHRISTMAS MUSICAL ZINC STAR,1,-20.4,124,0.8
20838,FRENCH LATTICE CUSHION COVER,1,-10.2,57,1.72
84968D,SET OF 16 VINTAGE RED CUTLERY,1,-12.75,55,1.79
22097,SWALLOW SQUARE TISSUE BOX,1,-3.9,165,0.6
22047,EMPIRE GIFT WRAP,1,-10.5,108,0.92
22053,EMPIRE DESIGN ROSETTE,1,-1.25,28,3.45
17129F,BLUE GLASS GEMS IN BAG,1,-1.7,57,1.72
21718,RED METAL BEACH SPADE,1,-1.25,231,0.43
21199,PINK  HEART CONFETTI IN TUBE,1,-20.16,79,1.25
84849A,HELLO SAILOR BLUE SOAP HOLDER,1,-27.04,53,1.85
23053,RECYCLED ACAPULCO MAT PINK,1,-8.25,165,0.6
22731,3D CHRISTMAS STAMPS STICKERS,1,-17.5,144,0.69
23466,TUSCAN VILLA DOVECOTE BIRD FEEDER,1,-8.25,27,3.57
84857B,BLUE MONTE CARLO HANDBAG,1,-3.9,1,50.0
22714,CARD BIRTHDAY COWBOY,1,-5.04,225,0.44
22808,SET OF 6 T-LIGHTS EASTER CHICKS,1,-53.1,75,1.32
15044B,BLUE PAPER PARASOL,1,-2.95,60,1.64
22121,NOEL WOODEN BLOCK LETTERS,1,-5.95,135,0.74
21071,VINTAGE BILLBOARD DRINK ME MUG,1,-6.36,180,0.55
23536,WALL ART VILLAGE SHOW,1,-23.8,85,1.16
22131,FOOD CONTAINER SET 3 LOVE HEART,1,-1.95,302,0.33
23346,SPACEBOY BEAKER,1,-7.5,188,0.53
23100,SILVER BELLS TABLE DECORATION,1,-1.25,266,0.37
23061,VINTAGE EMBOSSED HEART,1,-3.75,120,0.83
22116,METAL SIGN HIS DINNER IS SERVED,1,-10.2,148,0.67
22025,RING OF ROSES BIRTHDAY CARD,1,-5.04,132,0.75
22742,MAKE YOUR OWN PLAYTIME CARD KIT,1,-5.9,104,0.95
51020A,SUMMER FUN DESIGN SHOWER CAP,1,-0.58,18,5.26
21990,MODERN FLORAL STATIONERY SET,1,-15.0,375,0.27
85160B,BLACK BIRD GARDEN DESIGN MUG,1,-0.78,17,5.56
23330,DECORATIVE WICKER HEART MEDIUM,1,-7.5,231,0.43
84800L,LARGE WHITE/PINK ROSE ART FLOWER,1,-40.56,22,4.35
22365,DOORMAT RESPECTABLE HOUSE,1,-15.9,180,0.55
47351B,BLUE  VOILE LAMPSHADE,1,-122.4,9,10.0
23024,LARGE BONNE JAM JAR  T-LIGHT HOLDER,1,-4.98,11,8.33
22647,CERAMIC LOVE HEART MONEY BANK,1,-17.4,45,2.17
22706,WRAP COWBOYS,1,-10.5,71,1.39
22435,SET OF 9 HEART SHAPED BALLOONS,1,-15.0,274,0.36
70007,HI TEC ALPINE HAND WARMER,1,-19.8,112,0.88
22544,MINI JIGSAW SPACEBOY,1,-18.06,179,0.56
85025C,PINK HEART SHAPE PHOTO FRAME,1,-1.65,41,2.38
84849B,FAIRY SOAP SOAP HOLDER,1,-1.69,76,1.3
84228,HEN HOUSE W CHICK STANDING,1,-0.42,27,3.57
22540,MINI JIGSAW CIRCUS PARADE,1,-0.42,92,1.08
84031A,CHARLIE+LOLA RED HOT WATER BOTTLE,1,-39.0,166,0.6
23270,SET OF 2 CERAMIC PAINTED HEARTS,1,-8.7,132,0.75
85127,SMALL SQUARE CUT GLASS CANDLESTICK,1,-24.75,52,1.89
21038,SET/4 MODERN VINTAGE COTTON NAPKINS,1,-5.9,23,4.17
21447,12 IVORY ROSE PEG PLACE SETTINGS,1,-1.25,149,0.67
84826,ASSTD DESIGN 3D PAPER STICKERS,1,-51.0,36,2.7
20704,MR ROBOT SOFT TOY,1,-27.8,44,2.22
21288,STRIPEY CHOCOLATE NESTING BOXES,1,-61.2,112,0.88
21630,FLOOR CUSHION ELEPHANT CARNIVAL,1,-8.95,35,2.78
20793,BLUE TILED TRAY,1,-33.75,4,20.0
22228,BUNNY WOODEN PAINTED WITH BIRD,1,-1.7,148,0.67
84798B,PURPLE FOXGLOVE ARTIIFCIAL FLOWER,1,-10.2,3,25.0
22563,HAPPY STENCIL CRAFT,1,-1.25,291,0.34
85017B,ENVELOPE 50 BLOSSOM IMAGES,1,-10.2,159,0.63
23541,WALL ART CLASSIC PUDDINGS,1,-16.5,152,0.65
90018C,SILVER BLACK ORBIT DROP EARRINGS,1,-4.25,9,10.0
23454,THREE MINI HANGING FRAMES,1,-8.3,59,1.67
22436,12 COLOURED PARTY BALLOONS,1,-13.0,169,0.59
72817,SET OF 2 CHRISTMAS DECOUPAGE CANDLE,1,-30.0,163,0.61
90022,EDWARDIAN DROP EARRINGS JET BLACK,1,-15.0,20,4.76
20674,GREEN POLKADOT BOWL,1,-7.5,208,0.48
22533,MAGIC DRAWING SLATE BAKE A CAKE,1,-10.08,89,1.11
23569,TRADTIONAL ALPHABET STAMP SET,1,-9.9,202,0.49
21556,CERAMIC STRAWBERRY MONEY BOX,1,-2.55,115,0.86
85068,CREAM SWEETHEART SHELF + HOOKS,1,-7.95,0,100.0
22495,SET OF 2 ROUND TINS CAMEMBERT,1,-17.7,99,1.0
84596B,SMALL DOLLY MIX DESIGN ORANGE BOWL,1,-6.72,540,0.18
85032C,CURIOUS IMAGES GIFT WRAP SET,1,-7.8,143,0.69
22034,ROBIN CHRISTMAS CARD,1,-5.04,4,20.0
23370,SET 36 COLOURING PENCILS DOILY,1,-1.25,158,0.63
22638,SET OF 4 NAPKIN CHARMS CROWNS,1,-2.55,52,1.89
22023,EMPIRE BIRTHDAY CARD,1,-5.04,148,0.67
23461,SWEETHEART BIRD HOUSE,1,-16.6,107,0.93
22523,CHILDS GARDEN FORK PINK,1,-10.2,136,0.73
84595E,LARGE TORTILLA DESIGN RED BOWL,1,-3.29,22,4.35
90177E,DROP DIAMANTE EARRINGS GREEN,1,-17.7,9,10.0
90070,RUBY GLASS CLUSTER BRACELET,1,-17.85,14,6.67
22582,PACK OF 6 SWEETIE GIFT BOXES,1,-30.6,104,0.95
23017,APOTHECARY MEASURING JAR,1,-12.5,22,4.35
47563A,RETRO LONGBOARD IRONING BOARD COVER,1,-5.0,106,0.93
22421,LIPSTICK PEN FUSCHIA,1,-0.84,216,0.46
82613B,"METAL SIGN,CUPCAKE SINGLE HOOK",1,-8.4,112,0.88
85163B,BLACK BAROQUE WALL CLOCK,1,-12.75,36,2.7
90003E,GREEN PAIR HEART HAIR SLIDES,1,-15.0,14,6.67
22685,FRENCH BLUE METAL DOOR SIGN 0,1,-12.5,99,1.0
22343,PARTY PIZZA DISH RED RETROSPOT,1,-15.3,95,1.04
84508A,CAMOUFLAGE DESIGN TEDDY,1,-2.55,36,2.7
85186C,BUNNY EGG GARLAND,1,-8.4,79,1.25
82616B,FRAPPUCINO SCARF KNITTING KIT,1,-11.25,76,1.3
90192,JADE DROP EARRINGS W FILIGREE,1,-9.9,25,3.85
90169,DAISY HAIR COMB,1,-15.3,11,8.33
23180,MUM'S KITCHEN CLOCK,1,-4.95,49,2.0
21983,PACK OF 12 BLUE PAISLEY TISSUES,1,-6.96,155,0.64
23456,MEDIUM PARLOUR PICTURE FRAME,1,-8.3,36,2.7
21389,IVORY HANGING DECORATION  BIRD,1,-0.85,136,0.73
23042,PAPER LANTERN 7 POINT SNOW STAR,1,-66.5,28,3.45
22437,SET OF 9 BLACK SKULL BALLOONS,1,-8.5,229,0.43
84821,DANISH ROSE DELUXE COASTER,1,-10.2,42,2.33
21747,SMALL SKULL WINDMILL,1,-15.0,54,1.82
23226,FILIGREE HEART DAISY WHITE,1,-60.0,99,1.0
21391,FRENCH LAVENDER SCENT HEART,1,-6.3,112,0.88
79191B,RETRO PLASTIC POLKA TRAY,1,-10.2,30,3.23
84856S,SMALL TAHITI BEACH BAG,1,-3.81,1,50.0
22024,RAINY LADIES BIRTHDAY CARD,1,-5.04,215,0.46
22609,PENS ASSORTED SPACEBALL,1,-6.84,158,0.63
21935,SUKI  SHOULDER BAG,1,-1.65,531,0.19
21144,PINK POODLE HANGING DECORATION,1,-4.56,2,33.33
21201,TROPICAL  HONEYCOMB PAPER GARLAND,1,-2.55,104,0.95
20751,FUNKY WASHING UP GLOVES ASSORTED,1,-2.1,224,0.44
21279,VINTAGE KITCHEN PRINT FRUITS,1,-7.65,29,3.33
22321,BIRD DECORATION RED RETROSPOT,1,-0.85,133,0.75
90013A,MIDNIGHT BLUE VINTAGE EARRINGS,1,-30.0,32,3.03
90003C,MIDNIGHT BLUE PAIR HEART HAIR SLIDE,1,-15.0,24,4.0
22282,12 EGG HOUSE PAINTED WOOD,1,-12.75,99,1.0
21364,PEACE SMALL WOOD LETTERS,1,-6.75,24,4.0
23267,SET OF 4 SANTA PLACE SETTINGS,1,-60.0,111,0.89
22821,GIFT BAG PSYCHEDELIC APPLES,1,-7.8,140,0.71
85232A,SET/3 POLKADOT STACKING TINS,1,-14.85,29,3.33
23411,TRELLIS COAT RACK,1,-4.95,57,1.72
84510A,SET OF 4 ENGLISH ROSE COASTERS,1,-1.25,246,0.4
84685,BEACH HUT KEY CABINET,1,-3.75,21,4.55
22930,BAKING MOULD HEART MILK CHOCOLATE,1,-201.6,192,0.52
85135B,BLUE DRAGONFLY HELICOPTER,1,-7.95,46,2.13
21243,PINK  POLKADOT PLATE,1,-13.52,211,0.47
23525,WALL ART BUFFALO BILL,1,-22.5,54,1.82
84674,FLYING PIG WATERING CAN,1,-11.8,49,2.0
84750B,BLACK SMALL GLASS CAKE STAND,1,-0.39,12,7.69
16237,SLEEPING CAT ERASERS,1,-12.6,297,0.34
90177C,DROP DIAMANTE EARRINGS CRYSTAL,1,-17.7,14,6.67
20857,BLUE ROSE PATCH PURSE PINK BUTTERFL,1,-24.75,8,11.11
22613,PACK OF 20 SPACEBOY NAPKINS,1,-8.5,147,0.68
22705,WRAP GREEN PEARS,1,-10.5,78,1.27
22530,MAGIC DRAWING SLATE DOLLY GIRL,1,-10.08,238,0.42
84031B,CHARLIE LOLA BLUE HOT WATER BOTTLE,1,-40.95,146,0.68
85124B,BLUE JUICY FRUIT PHOTO FRAME,1,-15.3,39,2.5
90211B,JET BLACK LAS VEGAS NECKLACE 45CM,1,-11.9,6,14.29
23268,SET OF 2 CERAMIC CHRISTMAS REINDEER,1,-17.4,90,1.1
51020B,STRIPY DESIGN SHOWER CAP,1,-0.29,15,6.25
90058A,CRYSTAL STUD EARRINGS CLEAR DISPLAY,1,-13.68,7,12.5
22042,CHRISTMAS CARD SINGING ANGEL,1,-5.04,40,2.44
23150,IVORY SWEETHEART SOAP DISH,1,-2.49,49,2.0
35651,VINTAGE BEAD PINK SCARF,1,-19.8,59,1.67
23490,T-LIGHT HOLDER HANGING LOVE BIRD,1,-11.25,102,0.97
22934,BAKING MOULD EASTER EGG WHITE CHOC,1,-8.85,78,1.27
85045,GREEN CHRISTMAS TREE STRING 20LIGHT,1,-19.8,11,8.33
23342,MINT DINER WALL CLOCK,1,-8.5,165,0.6
84828,JUNGLE POPSICLES ICE LOLLY MOULDS,1,-30.0,188,0.53
22906,12 MESSAGE CARDS WITH ENVELOPES,1,-1.65,264,0.38
20941,FROG CANDLE,1,-2.5,20,4.76
22313,OFFICE MUG WARMER PINK,1,-637.5,67,1.47
21982,PACK OF 12 SUKI TISSUES,1,-0.39,371,0.27
62043B,BLUE CHECK BAG W HANDLE 34X20CM,1,-0.83,5,16.67
22039,BOTANICAL LILY GIFT WRAP,1,-10.5,7,12.5
22743,MAKE YOUR OWN FLOWERPOWER CARD KIT,1,-17.7,210,0.47
84798A,PINK FOXGLOVE ARTIIFCIAL FLOWER,1,-30.6,4,20.0
23497,CLASSIC CHROME BICYCLE BELL,1,-17.4,202,0.49
82613C,"METAL SIGN,CUPCAKE SINGLE HOOK",1,-8.4,97,1.02
21824,PAINTED METAL STAR WITH HOLLY BELLS,1,-34.8,121,0.82
90202A,PURPLE ENAMEL FLOWER HAIR TIE,1,-17.7,15,6.25
16161U,WRAP SUKI AND FRIENDS,1,-10.5,134,0.74
90176D,DIAMANTE NECKLACE PURPLE,1,-7.5,4,20.0
22919,HERB MARKER MINT,1,-7.8,247,0.4
22136,LOVE HEART SOCK HANGER,1,-1.45,87,1.14
22287,DECORATION WOBBLY CHICKEN,1,-4.68,82,1.2
23405,HOME SWEET HOME 2 DRAWER CABINET,1,-4.95,73,1.35
21811,HANGING HEART WITH BELL,1,-18.72,257,0.39
20893,HANGING BAUBLE T-LIGHT HOLDER SMALL,1,-75.6,27,3.57
90108,BLUE BLOSSOM HAIR CLIP,1,-10.5,12,7.69
22440,BALLOON WATER BOMB PACK OF 35,1,-4.2,162,0.61
21829,DINOSAUR KEYRINGS ASSORTED,1,-22.68,181,0.55
22350,ILLUSTRATED CAT BOWL,1,-2.55,121,0.82
23315,IVORY REFECTORY CLOCK,1,-97.8,86,1.15
90201A,PURPLE ENAMEL FLOWER RING,1,-11.8,28,3.45
21696,SMALL SILVER TRELLIS CANDLEPOT,1,-35.4,34,2.86
84596F,SMALL MARSHMALLOWS PINK BOWL,1,-6.72,451,0.22
22062,CERAMIC BOWL WITH LOVE HEART DESIGN,1,-4.98,82,1.2
22026,BANQUET BIRTHDAY  CARD,1,-5.04,161,0.62
90204,PAIR OF ENAMEL BUTTERFLY HAIRCLIP,1,-13.4,18,5.26
90059F,DIAMANTE HAIR GRIP PACK/2 LT ROSE,1,-9.9,14,6.67
23437,50'S CHRISTMAS GIFT BAG LARGE,1,-2.5,131,0.76
51008,AFGHAN SLIPPER SOCK PAIR,1,-6.9,22,4.35
90160A,PURPLE BOUDICCA LARGE BRACELET,1,-48.65,15,6.25
22477,WATERING CAN GARDEN MARKER,1,-1.25,128,0.78
23396,LE JARDIN BOTANIQUE CUSHION COVER,1,-15.0,208,0.48
23375,50'S CHRISTMAS PAPER GIFT BAG,1,-0.82,104,0.95
22165,"DIAMANTE HEART SHAPED WALL MIRROR,",1,-12.75,147,0.68
90059D,DIAMANTE HAIR GRIP PACK/2 PERIDOT,1,-9.9,19,5.0
72586,SET OF 6 HALLOWEEN GHOST T-LIGHTS,1,-15.12,84,1.18
23280,FOLDING BUTTERFLY MIRROR HOT PINK,1,-1.66,159,0.63
84832,ZINC WILLIE WINKIE  CANDLE STICK,1,-10.2,272,0.37
21344,MOROCCAN BEATEN METAL DISH,1,-29.85,6,14.29
