country_name,stock_code,description,revenue,rank_within_country
Australia,23084,RABBIT NIGHT LIGHT,3375.84,1
Australia,22722,SET OF 6 SPICE TINS PANTRY DESIGN,2082.0,2
Australia,21731,RED TOADSTOOL LED NIGHT LIGHT,1987.2,3
Australia,22720,SET OF 3 CAKE TINS PANTRY DESIGN,1983.2,4
Australia,22423,REGENCY CAKESTAND 3 TIER,1978.2,5
Australia,21915,RED  HARMONICA IN BOX,1810.8,6
Australia,22630,DOLLY GIRL LUNCH BOX,1689.6,7
Australia,22492,MINI PAINT SET VINTAGE,1630.8,8
Australia,22629,SPACEBOY LUNCH BOX,1584.0,9
Australia,21217,RED RETROSPOT ROUND CAKE TINS,1503.6,10
Australia,22619,SET OF 6 SOLDIER SKITTLES,1416.0,11
Australia,22969,HOMEMADE JAM SCENTED CANDLES,1354.8,12
Australia,22751,FELTCRAFT PRINCESS OLIVIA DOLL,1301.76,13
Australia,22940,FELTCRAFT CHRISTMAS FAIRY,1260.0,14
Australia,23245,SET OF 3 REGENCY CAKE TINS,1232.75,15
Australia,47566,PARTY BUNTING,1150.25,16
Australia,22139,RETROSPOT TEA SET CERAMIC 11 PC,1136.85,17
Australia,23240,SET OF 4 KNICK KNACK TINS DOILY,1109.05,18
Australia,22960,JAM MAKING SET WITH JARS,1041.0,19
Australia,23243,SET OF TEA COFFEE SUGAR TINS PANTRY,1040.55,20
Austria,POST,POSTAGE,1456.0,1
Austria,22582,PACK OF 6 SWEETIE GIFT BOXES,302.4,2
Austria,22584,PACK OF 6 PANNETONE GIFT BOXES,302.4,2
Austria,20679,EDWARDIAN PARASOL RED,214.2,4
Austria,15056BL,EDWARDIAN PARASOL BLACK,214.2,4
Austria,15056N,EDWARDIAN PARASOL NATURAL,214.2,4
Austria,22139,RETROSPOT TEA SET CERAMIC 11 PC,205.95,7
Austria,23008,DOLLY GIRL BABY GIFT SET,191.4,8
Austria,15056P,EDWARDIAN PARASOL PINK,142.8,9
Austria,22846,BREAD BIN DINER STYLE RED,110.65,10
Austria,22326,ROUND SNACK BOXES SET OF4 WOODLAND,106.2,11
Austria,21918,SET 12 KIDS COLOUR  CHALK STICKS,103.68,12
Austria,23010,CIRCUS PARADE BABY GIFT SET,89.7,13
Austria,23007,SPACEBOY BABY GIFT SET,89.7,13
Austria,37449,CERAMIC CAKE STAND + HANGING CAKES,87.9,15
Austria,22546,MINI JIGSAW PURDEY,86.4,16
Austria,84997D,CHILDRENS CUTLERY POLKADOT PINK,83.0,17
Austria,47566B,TEA TIME PARTY BUNTING,79.2,18
Austria,22556,PLASTERS IN TIN CIRCUS PARADE,79.2,18
Austria,22328,ROUND SNACK BOXES SET OF 4 FRUITS,70.8,20
Bahrain,72802B,OCEAN SCENT CANDLE IN JEWELLED BOX,231.24,1
Bahrain,23076,ICE CREAM SUNDAE LIP GLOSS,120.0,2
Bahrain,23077,DOUGHNUT LIP GLOSS,75.0,3
Bahrain,22890,NOVELTY BISCUITS CAKE STAND 3 TIER,59.7,4
Bahrain,22649,STRAWBERRY FAIRY CAKE TEAPOT,39.6,5
Bahrain,22693,GROW A FLYTRAP OR SUNFLOWER IN TIN,30.0,6
Bahrain,22423,REGENCY CAKESTAND 3 TIER,25.5,7
Bahrain,72802A,ROSE SCENT CANDLE IN JEWELLED BOX,25.5,7
Bahrain,72802C,VANILLA SCENT CANDLE JEWELLED BOX,25.5,7
Bahrain,37449,CERAMIC CAKE STAND + HANGING CAKES,19.9,10
Bahrain,85040A,S/4 PINK FLOWER CANDLES IN BOWL,19.8,11
Bahrain,37450,CERAMIC CAKE BOWL + HANGING CAKES,17.7,12
Bahrain,22697,GREEN REGENCY TEACUP AND SAUCER,17.7,12
Bahrain,22699,ROSES REGENCY TEACUP AND SAUCER,17.7,12
Bahrain,22698,PINK REGENCY TEACUP AND SAUCER,17.7,12
Bahrain,37446,MINI CAKE STAND WITH HANGING CAKES,11.6,16
Belgium,POST,POSTAGE,4269.0,1
Belgium,22326,ROUND SNACK BOXES SET OF4 WOODLAND,1181.4,2
Belgium,22629,SPACEBOY LUNCH BOX,643.8,3
Belgium,22630,DOLLY GIRL LUNCH BOX,643.8,3
Belgium,22423,REGENCY CAKESTAND 3 TIER,599.25,5
Belgium,22328,ROUND SNACK BOXES SET OF 4 FRUITS,564.9,6
Belgium,22846,BREAD BIN DINER STYLE RED,488.4,7
Belgium,23084,RABBIT NIGHT LIGHT,345.12,8
Belgium,22727,ALARM CLOCK BAKELIKE RED,345.0,9
Belgium,22726,ALARM CLOCK BAKELIKE GREEN,330.0,10
Belgium,22847,BREAD BIN DINER STYLE IVORY,307.0,11
Belgium,22504,CABIN BAG VINTAGE RETROSPOT,277.8,12
Belgium,23240,SET OF 4 KNICK KNACK TINS DOILY,273.9,13
Belgium,20726,LUNCH BAG WOODLAND,264.0,14
Belgium,22624,IVORY KITCHEN SCALES,263.5,15
Belgium,22551,PLASTERS IN TIN SPACEBOY,257.4,16
Belgium,21731,RED TOADSTOOL LED NIGHT LIGHT,257.4,16
Belgium,21212,PACK OF 72 RETROSPOT CAKE CASES,248.4,18
Belgium,22631,CIRCUS PARADE LUNCH BOX,234.0,19
Belgium,23480,MINI LIGHTS WOODLAND MUSHROOMS,232.92,20
Brazil,22423,REGENCY CAKESTAND 3 TIER,175.2,1
Brazil,22722,SET OF 6 SPICE TINS PANTRY DESIGN,82.8,2
Brazil,21430,SET/3 RED GINGHAM ROSE STORAGE BOX,81.36,3
Brazil,22366,DOORMAT AIRMAIL,67.5,4
Brazil,22697,GREEN REGENCY TEACUP AND SAUCER,61.2,5
Brazil,22699,ROSES REGENCY TEACUP AND SAUCER,61.2,5
Brazil,22698,PINK REGENCY TEACUP AND SAUCER,61.2,5
Brazil,21770,OPEN CLOSED METAL SIGN,49.5,8
Brazil,22630,DOLLY GIRL LUNCH BOX,46.8,9
Brazil,21906,PHARMACIE FIRST AID TIN,40.5,10
Brazil,22993,SET OF 4 PANTRY JELLY MOULDS,30.0,11
Brazil,21181,PLEASE ONE PERSON METAL SIGN,25.2,12
Brazil,21166,COOK WITH WINE METAL SIGN,24.96,13
Brazil,22629,SPACEBOY LUNCH BOX,23.4,14
Brazil,84971S,SMALL HEART FLOWERS HOOK,20.4,15
Brazil,22488,NATURAL SLATE RECTANGLE CHALKBOARD,19.8,16
Brazil,21260,FIRST AID TIN,19.5,17
Brazil,15056P,EDWARDIAN PARASOL PINK,17.85,18
Brazil,15056N,EDWARDIAN PARASOL NATURAL,17.85,18
Brazil,15056BL,EDWARDIAN PARASOL BLACK,17.85,18
Brazil,20679,EDWARDIAN PARASOL RED,17.85,18
Canada,POST,POSTAGE,550.94,1
Canada,37370,RETRO COFFEE MUGS ASSORTED,534.24,2
Canada,20727,LUNCH BAG  BLACK SKULL.,82.5,3
Canada,84077,WORLD WAR 2 GLIDERS ASSTD DESIGNS,60.48,4
Canada,22382,LUNCH BAG SPACEBOY DESIGN,49.5,5
Canada,22383,LUNCH BAG SUKI DESIGN,49.5,5
Canada,21558,SKULL LUNCH BOX WITH CUTLERY,45.9,7
Canada,21871,SAVE THE PLANET MUG,45.0,8
Canada,22649,STRAWBERRY FAIRY CAKE TEAPOT,39.6,9
Canada,23190,BUNDLE OF 3 SCHOOL EXERCISE BOOKS,39.6,9
Canada,23192,BUNDLE OF 3 ALPHABET EXERCISE BOOKS,39.6,9
Canada,84877D,BLUE ROUND COMPACT MIRROR,30.0,12
Canada,84877B,GREEN ROUND COMPACT MIRROR,30.0,12
Canada,21877,HOME SWEET HOME MUG,30.0,12
Canada,37476,CONDIMENT TRAY 4 BOWLS AND 4 SPOONS,29.85,15
Canada,22617,BAKING SET SPACEBOY DESIGN,29.7,16
Canada,22138,BAKING SET 9 PIECE RETROSPOT,29.7,16
Canada,85163B,BLACK BAROQUE WALL CLOCK,25.5,18
Canada,10133,COLOURING PENCILS BROWN TUBE,25.4,19
Canada,10135,COLOURING PENCILS BROWN TUBE,25.0,20
Channel Islands,22423,REGENCY CAKESTAND 3 TIER,517.8,1
Channel Islands,85099B,JUMBO BAG RED RETROSPOT,460.7,2
Channel Islands,22720,SET OF 3 CAKE TINS PANTRY DESIGN,408.0,3
Channel Islands,85099C,JUMBO  BAG BAROQUE BLACK WHITE,399.6,4
Channel Islands,23199,JUMBO BAG APPLES,399.6,4
Channel Islands,22386,JUMBO BAG PINK POLKADOT,358.0,6
Channel Islands,85123A,WHITE HANGING HEART T-LIGHT HOLDER,318.6,7
Channel Islands,M,Manual,293.0,8
Channel Islands,21785,RAIN PONCHO,264.55,9
Channel Islands,21843,RED RETROSPOT CAKE STAND,250.8,10
Channel Islands,22960,JAM MAKING SET WITH JARS,250.5,11
Channel Islands,85066,CREAM SWEETHEART MINI CHEST,233.4,12
Channel Islands,22751,FELTCRAFT PRINCESS OLIVIA DOLL,203.4,13
Channel Islands,22749,FELTCRAFT PRINCESS CHARLOTTE DOLL,203.4,13
Channel Islands,22750,FELTCRAFT PRINCESS LOLA DOLL,203.4,13
Channel Islands,47566,PARTY BUNTING,198.0,16
Channel Islands,21621,VINTAGE UNION JACK BUNTING,187.0,17
Channel Islands,23355,HOT WATER BOTTLE KEEP CALM,158.4,18
Channel Islands,C2,CARRIAGE,150.0,19
Channel Islands,21754,HOME BUILDING BLOCK WORD,146.4,20
Cyprus,22827,RUSTIC  SEVENTEEN DRAWER SIDEBOARD,580.0,1
Cyprus,15056N,EDWARDIAN PARASOL NATURAL,392.7,2
Cyprus,85123A,WHITE HANGING HEART T-LIGHT HOLDER,386.4,3
Cyprus,22423,REGENCY CAKESTAND 3 TIER,382.5,4
Cyprus,M,Manual,320.69,5
Cyprus,22655,VINTAGE RED KITCHEN CABINET,250.0,6
Cyprus,22656,VINTAGE BLUE KITCHEN CABINET,250.0,6
Cyprus,22335,HEART DECORATION PAINTED ZINC,220.8,8
Cyprus,22826,LOVE SEAT ANTIQUE WHITE METAL,170.0,9
Cyprus,22804,CANDLEHOLDER PINK HANGING HEART,152.4,10
Cyprus,82484,WOOD BLACK BOARD ANT WHITE FINISH,146.1,11
Cyprus,22784,LANTERN CREAM GAZEBO,103.95,12
Cyprus,22252,BIRDCAGE DECORATION TEALIGHT HOLDER,101.76,13
Cyprus,37449,CERAMIC CAKE STAND + HANGING CAKES,97.85,14
Cyprus,84879,ASSORTED COLOUR BIRD ORNAMENT,81.12,15
Cyprus,84078A,SET/4 WHITE RETRO STORAGE CUBES,79.9,16
Cyprus,21107,CREAM SLICE FLANNEL PINK SPOT,78.9,17
Cyprus,37495,FAIRY CAKE BIRTHDAY CANDLE SET,75.0,18
Cyprus,22699,ROSES REGENCY TEACUP AND SAUCER,70.8,19
Cyprus,71459,HANGING JAM JAR T-LIGHT HOLDER,69.12,20
Czech Republic,22326,ROUND SNACK BOXES SET OF4 WOODLAND,70.8,1
Czech Republic,84347,ROTATING SILVER ANGELS T-LIGHT HLDR,61.2,2
Czech Republic,22231,JIGSAW TREE WITH BIRDHOUSE,52.2,3
Czech Republic,21428,SET3 BOOK BOX GREEN GINGHAM FLOWER,51.0,4
Czech Republic,47594B,SCOTTIES DESIGN WASHBAG,46.8,5
Czech Republic,22930,BAKING MOULD HEART MILK CHOCOLATE,45.9,6
Czech Republic,POST,POSTAGE,40.0,7
Czech Republic,23271,CHRISTMAS TABLE SILVER CANDLE SPIKE,39.84,8
Czech Republic,85206A,CREAM FELT EASTER EGG BASKET,39.6,9
Czech Republic,22505,MEMO BOARD COTTAGE DESIGN,39.6,9
Czech Republic,84459A,PINK METAL CHICKEN HEART,35.76,11
Czech Republic,21253,SET OF PICTURE FRAME  STICKERS,35.4,12
Czech Republic,84755,COLOUR GLASS T-LIGHT HOLDER HANGING,31.2,13
Czech Republic,20972,PINK CREAM FELT CRAFT TRINKET BOX,30.0,14
Czech Republic,22250,DECORATION  BUTTERFLY  MAGIC GARDEN,27.2,15
Czech Republic,22244,3 HOOK HANGER MAGIC GARDEN,23.4,16
Czech Republic,22578,WOODEN STAR CHRISTMAS SCANDINAVIAN,20.88,17
Czech Republic,22579,WOODEN TREE CHRISTMAS SCANDINAVIAN,20.88,17
Czech Republic,22587,FELTCRAFT HAIRBAND RED AND BLUE,20.4,19
Czech Republic,22216,T-LIGHT HOLDER WHITE LACE,20.4,19
Denmark,POST,POSTAGE,744.0,1
Denmark,22625,RED KITCHEN SCALES,734.4,2
Denmark,22624,IVORY KITCHEN SCALES,696.15,3
Denmark,22467,GUMBALL COAT RACK,575.1,4
Denmark,22179,SET 10 NIGHT OWL LIGHTS,428.4,5
Denmark,22730,ALARM CLOCK BAKELIKE IVORY,409.5,6
Denmark,22728,ALARM CLOCK BAKELIKE PINK,379.5,7
Denmark,22626,BLACK KITCHEN SCALES,367.2,8
Denmark,23010,CIRCUS PARADE BABY GIFT SET,358.8,9
Denmark,23008,DOLLY GIRL BABY GIFT SET,358.8,9
Denmark,23007,SPACEBOY BABY GIFT SET,358.8,9
Denmark,21524,DOORMAT SPOTTY HOME SWEET HOME,354.0,12
Denmark,21915,RED  HARMONICA IN BOX,314.4,13
Denmark,22727,ALARM CLOCK BAKELIKE RED,304.5,14
Denmark,23296,SET OF 6 TEA TIME BAKING CASES,296.24,15
Denmark,22630,DOLLY GIRL LUNCH BOX,292.8,16
Denmark,22468,BABUSHKA LIGHTS STRING OF 10,285.6,17
Denmark,84997A,CHILDRENS CUTLERY POLKADOT GREEN,282.2,18
Denmark,22627,MINT KITCHEN SCALES,275.4,19
Denmark,22192,BLUE DINER WALL CLOCK,275.4,19
Denmark,23342,MINT DINER WALL CLOCK,275.4,19
Denmark,23341,PINK DINER WALL CLOCK,275.4,19
EIRE,22423,REGENCY CAKESTAND 3 TIER,7844.25,1
EIRE,M,Manual,7049.66,2
EIRE,C2,CARRIAGE,5240.0,3
EIRE,22838,3 TIER CAKE TIN RED AND CREAM,4265.55,4
EIRE,22960,JAM MAKING SET WITH JARS,3097.5,5
EIRE,85123A,WHITE HANGING HEART T-LIGHT HOLDER,2928.6,6
EIRE,21843,RED RETROSPOT CAKE STAND,2781.3,7
EIRE,22699,ROSES REGENCY TEACUP AND SAUCER,2620.8,8
EIRE,20914,SET/5 RED RETROSPOT LID GLASS BOWLS,2469.4,9
EIRE,21166,COOK WITH WINE METAL SIGN,2304.08,10
EIRE,23298,SPOTTY BUNTING,2229.25,11
EIRE,22666,RECIPE BOX PANTRY YELLOW DESIGN,2033.2,12
EIRE,47566,PARTY BUNTING,1787.2,13
EIRE,22112,CHOCOLATE HOT WATER BOTTLE,1766.55,14
EIRE,22950,36 DOILIES VINTAGE CHRISTMAS,1764.6,15
EIRE,23173,REGENCY TEAPOT ROSES,1709.2,16
EIRE,21169,YOU'RE CONFUSING ME METAL SIGN,1673.16,17
EIRE,22720,SET OF 3 CAKE TINS PANTRY DESIGN,1636.8,18
EIRE,21523,DOORMAT FANCY FONT HOME SWEET HOME,1518.6,19
EIRE,22961,JAM MAKING SET PRINTED,1480.85,20
European Community,POST,POSTAGE,141.0,1
European Community,22842,BISCUIT TIN VINTAGE RED,54.0,2
European Community,22843,BISCUIT TIN VINTAGE GREEN,54.0,2
European Community,22314,OFFICE MUG WARMER CHOC+BLUE,53.1,4
European Community,85036B,CHOCOLATE 1 WICK MORRIS BOX CANDLE,51.0,5
European Community,72807C,SET/3 VANILLA SCENTED CANDLE IN BOX,51.0,5
European Community,22452,MEASURING TAPE BABUSHKA PINK,35.4,7
European Community,22312,OFFICE MUG WARMER POLKADOT,35.4,7
European Community,22453,MEASURING TAPE BABUSHKA BLUE,35.4,7
European Community,85035C,ROSE 3 WICK MORRIS BOX CANDLE,34.0,10
European Community,22840,ROUND CAKE TIN VINTAGE RED,31.8,11
European Community,22841,ROUND CAKE TIN VINTAGE GREEN,31.8,11
European Community,23211,RED ROCKING HORSE HAND PAINTED,30.0,13
European Community,23210,WHITE ROCKING HORSE HAND PAINTED,30.0,13
European Community,22838,3 TIER CAKE TIN RED AND CREAM,29.9,15
European Community,22720,SET OF 3 CAKE TINS PANTRY DESIGN,29.7,16
European Community,22960,JAM MAKING SET WITH JARS,25.5,17
European Community,23111,PARISIENNE SEWING BOX,25.0,18
European Community,23239,SET OF 4 KNICK KNACK TINS POPPIES,24.9,19
European Community,85132C,CHARLIE AND LOLA FIGURES TINS,23.4,20
Finland,POST,POSTAGE,3650.0,1
Finland,84997D,CHILDRENS CUTLERY POLKADOT PINK,2063.28,2
Finland,84997C,CHILDRENS CUTLERY POLKADOT BLUE,1367.4,3
Finland,84997A,CHILDRENS CUTLERY POLKADOT GREEN,919.6,4
Finland,M,Manual,551.2,5
Finland,23084,RABBIT NIGHT LIGHT,282.72,6
Finland,23077,DOUGHNUT LIP GLOSS,250.0,7
Finland,23078,ICE CREAM PEN LIP GLOSS,240.0,8
Finland,20750,RED RETROSPOT MINI CASES,174.9,9
Finland,23203,JUMBO BAG VINTAGE DOILY,166.4,10
Finland,23200,JUMBO BAG PEARS,145.6,11
Finland,85099B,JUMBO BAG RED RETROSPOT,144.3,12
Finland,22221,CAKE STAND LOVEBIRD 2 TIER PINK,139.3,13
Finland,21731,RED TOADSTOOL LED NIGHT LIGHT,138.6,14
Finland,48187,DOORMAT NEW ENGLAND,135.0,15
Finland,22386,JUMBO BAG PINK POLKADOT,123.5,16
Finland,21430,SET/3 RED GINGHAM ROSE STORAGE BOX,120.0,17
Finland,22073,RED RETROSPOT STORAGE JAR,108.48,18
Finland,21211,SET OF 72 SKULL PAPER  DOILIES,104.4,19
Finland,84968D,SET OF 16 VINTAGE RED CUTLERY,102.0,20
Finland,84968F,SET OF 16 VINTAGE SKY BLUE CUTLERY,102.0,20
France,POST,POSTAGE,15454.0,1
France,M,Manual,9492.37,2
France,23084,RABBIT NIGHT LIGHT,7277.2,3
France,22423,REGENCY CAKESTAND 3 TIER,2816.85,4
France,21731,RED TOADSTOOL LED NIGHT LIGHT,2169.75,5
France,22556,PLASTERS IN TIN CIRCUS PARADE,1868.4,6
France,22554,PLASTERS IN TIN WOODLAND ANIMALS,1868.4,6
France,84879,ASSORTED COLOUR BIRD ORNAMENT,1842.76,8
France,22326,ROUND SNACK BOXES SET OF4 WOODLAND,1837.8,9
France,20750,RED RETROSPOT MINI CASES,1662.9,10
France,22551,PLASTERS IN TIN SPACEBOY,1633.05,11
France,22629,SPACEBOY LUNCH BOX,1568.4,12
France,20725,LUNCH BAG RED RETROSPOT,1513.05,13
France,23203,JUMBO BAG VINTAGE DOILY,1491.96,14
France,22492,MINI PAINT SET VINTAGE,1427.4,15
France,22728,ALARM CLOCK BAKELIKE PINK,1357.5,16
France,23007,SPACEBOY BABY GIFT SET,1325.7,17
France,22090,PAPER BUNTING RETROSPOT,1322.95,18
France,22726,ALARM CLOCK BAKELIKE GREEN,1275.0,19
France,85014B,RED RETROSPOT UMBRELLA,1236.0,20
Germany,POST,POSTAGE,21001.0,1
Germany,22423,REGENCY CAKESTAND 3 TIER,9061.95,2
Germany,22326,ROUND SNACK BOXES SET OF4 WOODLAND,3598.95,3
Germany,M,Manual,2296.25,4
Germany,22328,ROUND SNACK BOXES SET OF 4 FRUITS,1982.4,5
Germany,22629,SPACEBOY LUNCH BOX,1631.4,6
Germany,22554,PLASTERS IN TIN WOODLAND ANIMALS,1414.05,7
Germany,22625,RED KITCHEN SCALES,1339.6,8
Germany,22467,GUMBALL COAT RACK,1319.7,9
Germany,22077,6 RIBBONS RUSTIC CHARM,1313.55,10
Germany,22556,PLASTERS IN TIN CIRCUS PARADE,1277.1,11
Germany,21731,RED TOADSTOOL LED NIGHT LIGHT,1201.2,12
Germany,22961,JAM MAKING SET PRINTED,1183.2,13
Germany,20712,JUMBO BAG WOODLAND ANIMALS,1135.42,14
Germany,22352,LUNCH BOX WITH CUTLERY RETROSPOT,1134.9,15
Germany,85014B,RED RETROSPOT UMBRELLA,1117.8,16
Germany,22551,PLASTERS IN TIN SPACEBOY,1105.5,17
Germany,15056BL,EDWARDIAN PARASOL BLACK,1100.25,18
Germany,21559,STRAWBERRY LUNCH BOX WITH CUTLERY,1085.4,19
Germany,23245,SET OF 3 REGENCY CAKE TINS,1078.6,20
Greece,POST,POSTAGE,335.0,1
Greece,22423,REGENCY CAKESTAND 3 TIER,175.2,2
Greece,72760B,VINTAGE CREAM 3 BASKET CAKE STAND,135.84,3
Greece,48187,DOORMAT NEW ENGLAND,135.0,4
Greece,48184,DOORMAT ENGLISH ROSE,135.0,4
Greece,22692,DOORMAT WELCOME TO OUR HOME,135.0,4
Greece,48129,DOORMAT TOPIARY,135.0,4
Greece,48188,DOORMAT WELCOME PUPPIES,135.0,4
Greece,22847,BREAD BIN DINER STYLE IVORY,119.6,9
Greece,22720,SET OF 3 CAKE TINS PANTRY DESIGN,102.0,10
Greece,22762,CUPBOARD 3 DRAWER MA CAMPAGNE,102.0,10
Greece,22763,KEY CABINET MA CAMPAGNE,102.0,10
Greece,22424,ENAMEL BREAD BIN CREAM,87.6,13
Greece,22840,ROUND CAKE TIN VINTAGE RED,83.4,14
Greece,22841,ROUND CAKE TIN VINTAGE GREEN,83.4,14
Greece,22502,PICNIC BASKET WICKER SMALL,79.2,16
Greece,22842,BISCUIT TIN VINTAGE RED,71.4,17
Greece,22957,SET 3 PAPER VINTAGE CHICK PAPER EGG,70.8,18
Greece,22366,DOORMAT AIRMAIL,67.5,19
Greece,21524,DOORMAT SPOTTY HOME SWEET HOME,67.5,19
Greece,48111,DOORMAT 3 SMILEY CATS,67.5,19
Greece,48194,DOORMAT HEARTS,67.5,19
Hong Kong,M,Manual,5563.81,1
Hong Kong,84997D,CHILDRENS CUTLERY POLKADOT PINK,488.4,2
Hong Kong,84997B,CHILDRENS CUTLERY RETROSPOT RED,455.2,3
Hong Kong,22326,ROUND SNACK BOXES SET OF4 WOODLAND,384.9,4
Hong Kong,22452,MEASURING TAPE BABUSHKA PINK,318.6,5
Hong Kong,22139,RETROSPOT TEA SET CERAMIC 11 PC,235.65,6
Hong Kong,84997C,CHILDRENS CUTLERY POLKADOT BLUE,222.8,7
Hong Kong,20749,ASSORTED COLOUR MINI CASES,219.3,8
Hong Kong,22504,CABIN BAG VINTAGE RETROSPOT,196.3,9
Hong Kong,21843,RED RETROSPOT CAKE STAND,186.15,10
Hong Kong,POST,POSTAGE,175.0,11
Hong Kong,22634,CHILDS BREAKFAST SET SPACEBOY,159.2,12
Hong Kong,22327,ROUND SNACK BOXES SET OF 4 SKULLS,157.8,13
Hong Kong,22423,REGENCY CAKESTAND 3 TIER,153.0,14
Hong Kong,20675,BLUE POLKADOT BOWL,150.0,15
Hong Kong,20677,PINK POLKADOT BOWL,150.0,15
Hong Kong,20676,RED RETROSPOT BOWL,150.0,15
Hong Kong,22620,4 TRADITIONAL SPINNING TOPS,144.6,18
Hong Kong,22454,MEASURING TAPE BABUSHKA RED,141.6,19
Hong Kong,22636,CHILDS BREAKFAST SET CIRCUS PARADE,136.0,20
Iceland,84558A,3D DOG PICTURE PLAYING CARDS,371.7,1
Iceland,23076,ICE CREAM SUNDAE LIP GLOSS,249.6,2
Iceland,22423,REGENCY CAKESTAND 3 TIER,191.25,3
Iceland,23084,RABBIT NIGHT LIGHT,153.84,4
Iceland,22727,ALARM CLOCK BAKELIKE RED,135.0,5
Iceland,22371,AIRLINE BAG VINTAGE TOKYO 78,132.4,6
Iceland,22375,AIRLINE BAG VINTAGE JET SET BROWN,119.0,7
Iceland,21731,RED TOADSTOOL LED NIGHT LIGHT,118.8,8
Iceland,23316,RED REFECTORY CLOCK,97.8,9
Iceland,22195,LARGE HEART MEASURING SPOONS,79.2,10
Iceland,22725,ALARM CLOCK BAKELIKE CHOCOLATE,75.0,11
Iceland,22699,ROSES REGENCY TEACUP AND SAUCER,70.8,12
Iceland,22492,MINI PAINT SET VINTAGE,70.2,13
Iceland,22374,AIRLINE BAG VINTAGE JET SET RED,68.0,14
Iceland,21064,BOOM BOX SPEAKER BOYS,65.7,15
Iceland,22196,SMALL HEART MEASURING SPOONS,61.2,16
Iceland,22728,ALARM CLOCK BAKELIKE PINK,60.0,17
Iceland,23162,REGENCY TEA STRAINER,60.0,17
Iceland,22726,ALARM CLOCK BAKELIKE GREEN,60.0,17
Iceland,21791,VINTAGE HEADS AND TAILS CARD GAME,60.0,17
Israel,22423,REGENCY CAKESTAND 3 TIER,551.1,1
Israel,23240,SET OF 4 KNICK KNACK TINS DOILY,254.7,2
Israel,22326,ROUND SNACK BOXES SET OF4 WOODLAND,244.8,3
Israel,22192,BLUE DINER WALL CLOCK,183.6,4
Israel,23236,STORAGE TIN VINTAGE DOILY,159.98,5
Israel,21578,WOODLAND DESIGN  COTTON TOTE BAG,135.0,6
Israel,21246,RED RETROSPOT BIG BOWL,131.7,7
Israel,22929,SCHOOL DESK AND CHAIR,130.0,8
Israel,22823,CHEST NATURAL WOOD 20 DRAWERS,125.0,9
Israel,22630,DOLLY GIRL LUNCH BOX,117.0,10
Israel,23170,REGENCY TEA PLATE ROSES,109.2,11
Israel,22083,PAPER CHAIN KIT RETROSPOT,106.2,12
Israel,22762,CUPBOARD 3 DRAWER MA CAMPAGNE,102.0,13
Israel,21669,BLUE STRIPE CERAMIC DRAWER KNOB,101.76,14
Israel,22354,RETROSPOT PADDED SEAT CUSHION,101.7,15
Israel,20719,WOODLAND CHARLOTTE BAG,97.5,16
Israel,22629,SPACEBOY LUNCH BOX,93.6,17
Israel,22193,RED DINER WALL CLOCK,91.8,18
Israel,20724,RED RETROSPOT CHARLOTTE BAG,80.5,19
Israel,22270,HAPPY EASTER HANGING DECORATION,78.75,20
Italy,POST,POSTAGE,1663.0,1
Italy,22720,SET OF 3 CAKE TINS PANTRY DESIGN,252.45,2
Italy,22847,BREAD BIN DINER STYLE IVORY,247.2,3
Italy,22139,RETROSPOT TEA SET CERAMIC 11 PC,222.75,4
Italy,22960,JAM MAKING SET WITH JARS,217.5,5
Italy,22326,ROUND SNACK BOXES SET OF4 WOODLAND,177.0,6
Italy,22844,VINTAGE CREAM DOG FOOD CONTAINER,159.8,7
Italy,85123A,WHITE HANGING HEART T-LIGHT HOLDER,159.3,8
Italy,22939,APRON APPLE DELIGHT,158.4,9
Italy,22120,WELCOME  WOODEN BLOCK LETTERS,149.25,10
Italy,22692,DOORMAT WELCOME TO OUR HOME,147.3,11
Italy,23445,ICE CREAM BUBBLES,144.0,12
Italy,22466,FAIRY TALE COTTAGE NIGHT LIGHT,140.4,13
Italy,51014A,"FEATHER PEN,HOT PINK",137.76,14
Italy,21249,WOODLAND  HEIGHT CHART STICKERS,129.6,15
Italy,23084,RABBIT NIGHT LIGHT,128.88,16
Italy,84375,SET OF 20 KIDS COOKIE CUTTERS,126.0,17
Italy,21931,JUMBO STORAGE BAG SUKI,123.5,18
Italy,22197,POPCORN HOLDER,123.0,19
Italy,21110,LARGE CAKE TOWEL PINK SPOTS,121.5,20
Japan,23084,RABBIT NIGHT LIGHT,6100.32,1
Japan,22328,ROUND SNACK BOXES SET OF 4 FRUITS,3812.1,2
Japan,21218,RED SPOTTY BISCUIT TIN,858.0,3
Japan,20750,RED RETROSPOT MINI CASES,762.0,4
Japan,21217,RED RETROSPOT ROUND CAKE TINS,751.8,5
Japan,47566,PARTY BUNTING,675.5,6
Japan,21216,"SET 3 RETROSPOT TEA,COFFEE,SUGAR",612.0,7
Japan,23238,SET OF 4 KNICK KNACK TINS LONDON,540.0,8
Japan,22662,LUNCH BAG DOLLY GIRL DESIGN,534.0,9
Japan,22561,WOODEN SCHOOL COLOURING SET,523.65,10
Japan,21439,BASKET OF TOADSTOOLS,465.0,11
Japan,22489,PACK OF 12 TRADITIONAL CRAYONS,443.94,12
Japan,22621,TRADITIONAL KNITTING NANCY,417.6,13
Japan,22491,PACK OF 12 COLOURED PENCILS,414.72,14
Japan,22088,PAPER BUNTING COLOURED LACE,408.0,15
Japan,84988,SET OF 72 PINK HEART PAPER DOILIES,361.8,16
Japan,23240,SET OF 4 KNICK KNACK TINS DOILY,360.0,17
Japan,22549,PICTURE DOMINOES,360.0,17
Japan,23237,SET OF 4 KNICK KNACK TINS LEAF,360.0,17
Japan,21259,VICTORIAN SEWING BOX SMALL,356.4,20
Lebanon,22423,REGENCY CAKESTAND 3 TIER,153.0,1
Lebanon,85066,CREAM SWEETHEART MINI CHEST,102.0,2
Lebanon,22606,WOODEN SKITTLES GARDEN SET,102.0,2
Lebanon,21906,PHARMACIE FIRST AID TIN,81.0,4
Lebanon,22842,BISCUIT TIN VINTAGE RED,71.4,5
Lebanon,47566,PARTY BUNTING,69.75,6
Lebanon,22846,BREAD BIN DINER STYLE RED,59.8,7
Lebanon,21781,MA CAMPAGNE CUTLERY BOX,59.8,7
Lebanon,22720,SET OF 3 CAKE TINS PANTRY DESIGN,59.4,9
Lebanon,22168,ORGANISER WOOD ANTIQUE WHITE,51.0,10
Lebanon,22282,12 EGG HOUSE PAINTED WOOD,51.0,10
Lebanon,22722,SET OF 6 SPICE TINS PANTRY DESIGN,47.4,12
Lebanon,22960,JAM MAKING SET WITH JARS,45.0,13
Lebanon,22788,BROCANTE COAT RACK,39.8,14
Lebanon,21784,SHOE SHINE BOX,39.8,14
Lebanon,22854,CREAM SWEETHEART EGG HOLDER,39.6,16
Lebanon,21260,FIRST AID TIN,39.0,17
Lebanon,21756,BATH BUILDING BLOCK WORD,35.7,18
Lebanon,21754,HOME BUILDING BLOCK WORD,35.7,18
Lebanon,22957,SET 3 PAPER VINTAGE CHICK PAPER EGG,35.4,20
Lithuania,20967,GREY FLORAL FELTCRAFT SHOULDER BAG,135.0,1
Lithuania,22271,FELTCRAFT DOLL ROSIE,122.4,2
Lithuania,22750,FELTCRAFT PRINCESS LOLA DOLL,120.0,3
Lithuania,22751,FELTCRAFT PRINCESS OLIVIA DOLL,105.0,4
Lithuania,22569,FELTCRAFT CUSHION BUTTERFLY,90.0,5
Lithuania,22568,FELTCRAFT CUSHION OWL,81.36,6
Lithuania,15056N,EDWARDIAN PARASOL NATURAL,71.4,7
Lithuania,15056BL,EDWARDIAN PARASOL BLACK,71.4,7
Lithuania,20679,EDWARDIAN PARASOL RED,71.4,7
Lithuania,22940,FELTCRAFT CHRISTMAS FAIRY,68.0,10
Lithuania,22145,CHRISTMAS CRAFT HEART STOCKING,63.0,11
Lithuania,21915,RED  HARMONICA IN BOX,60.0,12
Lithuania,22307,GOLD MUG BONE CHINA TREE OF LIFE,59.4,13
Lithuania,22306,SILVER MUG BONE CHINA TREE OF LIFE,59.4,13
Lithuania,22300,COFFEE MUG DOG + BALL DESIGN,45.9,15
Lithuania,22301,COFFEE MUG CAT + BIRD DESIGN,45.9,15
Lithuania,21914,BLUE HARMONICA IN BOX,45.0,17
Lithuania,85206A,CREAM FELT EASTER EGG BASKET,39.6,18
Lithuania,21429,RED GINGHAM ROSE JEWELLERY BOX,39.6,18
Lithuania,22554,PLASTERS IN TIN WOODLAND ANIMALS,39.6,18
Lithuania,85114B,IVORY ENCHANTED FOREST PLACEMAT,39.6,18
Lithuania,22021,BLUE FELT EASTER EGG BASKET,39.6,18
Malta,POST,POSTAGE,655.0,1
Malta,72741,GRAND CHOCOLATECANDLE,117.45,2
Malta,22423,REGENCY CAKESTAND 3 TIER,89.25,3
Malta,23173,REGENCY TEAPOT ROSES,79.6,4
Malta,22796,PHOTO FRAME 3 CLASSIC HANGING,59.7,5
Malta,22768,FAMILY PHOTO FRAME CORNICE,39.8,6
Malta,22635,CHILDS BREAKFAST SET DOLLY GIRL,39.8,6
Malta,37449,CERAMIC CAKE STAND + HANGING CAKES,39.8,6
Malta,22767,TRIPLE PHOTO FRAME CORNICE,39.8,6
Malta,23245,SET OF 3 REGENCY CAKE TINS,39.6,10
Malta,22067,CHOC TRUFFLE GOLD TRINKET POT,39.6,10
Malta,22065,CHRISTMAS PUDDING TRINKET POT,36.12,12
Malta,72807C,SET/3 VANILLA SCENTED CANDLE IN BOX,34.0,13
Malta,22636,CHILDS BREAKFAST SET CIRCUS PARADE,34.0,13
Malta,72807A,SET/3 ROSE CANDLE IN JEWELLED BOX,34.0,13
Malta,72807B,SET/3 OCEAN SCENT CANDLE JEWEL BOX,34.0,13
Malta,23174,REGENCY SUGAR BOWL GREEN,33.2,17
Malta,23253,16 PIECE CUTLERY SET PANTRY DESIGN,31.9,18
Malta,23228,FILIGREE HEART BIRD WHITE,30.0,19
Malta,85034C,3 ROSE MORRIS BOXED CANDLES,30.0,19
Malta,23226,FILIGREE HEART DAISY WHITE,30.0,19
Netherlands,23084,RABBIT NIGHT LIGHT,9568.48,1
Netherlands,22326,ROUND SNACK BOXES SET OF4 WOODLAND,7991.4,2
Netherlands,22629,SPACEBOY LUNCH BOX,7485.6,3
Netherlands,22630,DOLLY GIRL LUNCH BOX,6828.6,4
Netherlands,22328,ROUND SNACK BOXES SET OF 4 FRUITS,4039.2,5
Netherlands,21731,RED TOADSTOOL LED NIGHT LIGHT,3479.4,6
Netherlands,85099B,JUMBO BAG RED RETROSPOT,3468.0,7
Netherlands,22423,REGENCY CAKESTAND 3 TIER,3166.35,8
Netherlands,22243,5 HOOK HANGER RED MAGIC TOADSTOOL,2923.2,9
Netherlands,20712,JUMBO BAG WOODLAND ANIMALS,2629.0,10
Netherlands,22551,PLASTERS IN TIN SPACEBOY,2366.4,11
Netherlands,23240,SET OF 4 KNICK KNACK TINS DOILY,2344.15,12
Netherlands,22554,PLASTERS IN TIN WOODLAND ANIMALS,2227.2,13
Netherlands,22467,GUMBALL COAT RACK,2192.4,14
Netherlands,21559,STRAWBERRY LUNCH BOX WITH CUTLERY,2033.85,15
Netherlands,20725,LUNCH BAG RED RETROSPOT,1885.0,16
Netherlands,20726,LUNCH BAG WOODLAND,1885.0,16
Netherlands,22382,LUNCH BAG SPACEBOY DESIGN,1789.5,18
Netherlands,84406B,CREAM CUPID HEARTS COAT HANGER,1789.0,19
Netherlands,23245,SET OF 3 REGENCY CAKE TINS,1751.15,20
Norway,POST,POSTAGE,2870.5,1
Norway,M,Manual,840.3,2
Norway,22693,GROW A FLYTRAP OR SUNFLOWER IN TIN,538.8,3
Norway,22635,CHILDS BREAKFAST SET DOLLY GIRL,527.4,4
Norway,22634,CHILDS BREAKFAST SET SPACEBOY,487.6,5
Norway,22720,SET OF 3 CAKE TINS PANTRY DESIGN,441.6,6
Norway,22423,REGENCY CAKESTAND 3 TIER,357.0,7
Norway,22197,POPCORN HOLDER,338.4,8
Norway,23243,SET OF TEA COFFEE SUGAR TINS PANTRY,337.2,9
Norway,84050,PINK HEART SHAPE EGG FRYING PAN,329.4,10
Norway,85014A,BLACK/BLUE POLKADOT UMBRELLA,309.0,11
Norway,82600,NO SINGING METAL SIGN,303.6,12
Norway,85014B,RED RETROSPOT UMBRELLA,273.3,13
Norway,22666,RECIPE BOX PANTRY YELLOW DESIGN,272.1,14
Norway,84997C,CHILDRENS CUTLERY POLKADOT BLUE,270.0,15
Norway,84997A,CHILDRENS CUTLERY POLKADOT GREEN,270.0,15
Norway,84997B,CHILDRENS CUTLERY RETROSPOT RED,270.0,15
Norway,84997D,CHILDRENS CUTLERY POLKADOT PINK,270.0,15
Norway,22847,BREAD BIN DINER STYLE IVORY,255.2,19
Norway,22667,RECIPE BOX RETROSPOT,254.4,20
Poland,POST,POSTAGE,360.0,1
Poland,21232,STRAWBERRY CERAMIC TRINKET BOX,196.32,2
Poland,37448,CERAMIC CAKE DESIGN SPOTTED MUG,191.52,3
Poland,22722,SET OF 6 SPICE TINS PANTRY DESIGN,177.6,4
Poland,22666,RECIPE BOX PANTRY YELLOW DESIGN,167.4,5
Poland,22720,SET OF 3 CAKE TINS PANTRY DESIGN,161.4,6
Poland,22961,JAM MAKING SET PRINTED,156.6,7
Poland,22059,CERAMIC STRAWBERRY DESIGN MUG,131.52,8
Poland,22173,METAL 4 HOOK HANGER FRENCH CHATEAU,120.72,9
Poland,22061,LARGE CAKE STAND  HANGING STRAWBERY,119.4,10
Poland,22624,IVORY KITCHEN SCALES,119.0,11
Poland,37450,CERAMIC CAKE BOWL + HANGING CAKES,116.7,12
Poland,23243,SET OF TEA COFFEE SUGAR TINS PANTRY,99.0,13
Poland,22979,PANTRY WASHING UP BRUSH,87.0,14
Poland,23084,RABBIT NIGHT LIGHT,85.92,15
Poland,16016,LARGE CHINESE STYLE SCISSOR,85.0,16
Poland,21733,RED HANGING HEART T-LIGHT HOLDER,81.6,17
Poland,22690,DOORMAT HOME SWEET HOME BLUE,80.1,18
Poland,22782,SET 3 WICKER STORAGE BASKETS,79.6,19
Poland,37449,CERAMIC CAKE STAND + HANGING CAKES,79.6,19
Portugal,M,Manual,4223.94,1
Portugal,POST,POSTAGE,2508.0,2
Portugal,22139,RETROSPOT TEA SET CERAMIC 11 PC,463.35,3
Portugal,22411,JUMBO SHOPPER VINTAGE RED PAISLEY,387.4,4
Portugal,20725,LUNCH BAG RED RETROSPOT,354.75,5
Portugal,22138,BAKING SET 9 PIECE RETROSPOT,334.65,6
Portugal,22423,REGENCY CAKESTAND 3 TIER,328.2,7
Portugal,22383,LUNCH BAG SUKI DESIGN,318.45,8
Portugal,23209,LUNCH BAG VINTAGE DOILY,306.9,9
Portugal,21928,JUMBO BAG SCANDINAVIAN BLUE PAISLEY,305.5,10
Portugal,20728,LUNCH BAG CARS BLUE,282.15,11
Portugal,23203,JUMBO BAG VINTAGE DOILY,270.4,12
Portugal,21929,JUMBO BAG PINK VINTAGE PAISLEY,263.9,13
Portugal,85099B,JUMBO BAG RED RETROSPOT,244.4,14
Portugal,22649,STRAWBERRY FAIRY CAKE TEAPOT,220.8,15
Portugal,37500,TEA TIME TEAPOT IN GIFT BOX,220.68,16
Portugal,22740,POLKADOT PEN,204.0,17
Portugal,22957,SET 3 PAPER VINTAGE CHICK PAPER EGG,194.7,18
Portugal,23581,JUMBO BAG PAISLEY PARK,187.2,19
Portugal,22662,LUNCH BAG DOLLY GIRL DESIGN,181.5,20
RSA,21340,CLASSIC METAL BIRDCAGE PLANT HOLDER,38.25,1
RSA,22605,WOODEN CROQUET GARDEN SET,29.9,2
RSA,23298,SPOTTY BUNTING,29.7,3
RSA,22526,WHEELBARROW FOR CHILDREN,25.5,4
RSA,85066,CREAM SWEETHEART MINI CHEST,25.5,4
RSA,22960,JAM MAKING SET WITH JARS,25.5,4
RSA,22423,REGENCY CAKESTAND 3 TIER,25.5,4
RSA,84375,SET OF 20 KIDS COOKIE CUTTERS,25.2,8
RSA,23240,SET OF 4 KNICK KNACK TINS DOILY,24.9,9
RSA,23469,CARD HOLDER LOVE BIRD SMALL,24.9,9
RSA,23169,CLASSIC GLASS COOKIE JAR,24.9,9
RSA,23528,WALL ART SPACEBOY,22.5,12
RSA,23201,JUMBO BAG ALPHABET,20.8,13
RSA,23203,JUMBO BAG VINTAGE DOILY,20.8,13
RSA,22411,JUMBO SHOPPER VINTAGE RED PAISLEY,20.8,13
RSA,85099B,JUMBO BAG RED RETROSPOT,20.8,13
RSA,23316,RED REFECTORY CLOCK,19.9,17
RSA,23407,SET OF 2 TRAYS HOME SWEET HOME,19.9,17
RSA,47566,PARTY BUNTING,19.8,19
RSA,23245,SET OF 3 REGENCY CAKE TINS,19.8,19
Saudi Arabia,22556,PLASTERS IN TIN CIRCUS PARADE,19.8,1
Saudi Arabia,22553,PLASTERS IN TIN SKULLS,19.8,1
Saudi Arabia,22555,PLASTERS IN TIN STRONGMAN,19.8,1
Saudi Arabia,22361,GLASS JAR DAISY FRESH COTTON WOOL,17.7,4
Saudi Arabia,22362,GLASS JAR PEACOCK BATH SALTS,17.7,4
Saudi Arabia,22363,GLASS JAR MARMALADE,17.7,4
Saudi Arabia,22969,HOMEMADE JAM SCENTED CANDLES,17.4,7
Saudi Arabia,20781,GOLD EAR MUFF HEADPHONES,10.98,8
Saudi Arabia,22915,ASSORTED BOTTLE TOP  MAGNETS,5.04,9
Singapore,M,Manual,12158.9,1
Singapore,48138,DOORMAT UNION FLAG,340.8,2
Singapore,22655,VINTAGE RED KITCHEN CABINET,250.0,3
Singapore,22197,POPCORN HOLDER,216.0,4
Singapore,20685,DOORMAT RED RETROSPOT,205.8,5
Singapore,21936,RED RETROSPOT PICNIC BAG,201.25,6
Singapore,22339,CHRISTMAS TREE PAINTED ZINC,176.64,7
Singapore,22423,REGENCY CAKESTAND 3 TIER,175.2,8
Singapore,22343,PARTY PIZZA DISH RED RETROSPOT,160.56,9
Singapore,21621,VINTAGE UNION JACK BUNTING,153.0,10
Singapore,23312,VINTAGE CHRISTMAS GIFT SACK,149.4,11
Singapore,22192,BLUE DINER WALL CLOCK,142.8,12
Singapore,23284,DOORMAT KEEP CALM AND COME IN,138.3,13
Singapore,22689,DOORMAT MERRY CHRISTMAS RED,138.3,13
Singapore,85123A,WHITE HANGING HEART T-LIGHT HOLDER,134.7,15
Singapore,21181,PLEASE ONE PERSON METAL SIGN,126.0,16
Singapore,35970,ZINC FOLKART SLEIGH BELLS,107.28,17
Singapore,21535,RED RETROSPOT SMALL MILK JUG,100.8,18
Singapore,23214,JINGLE BELL HEART ANTIQUE GOLD,99.84,19
Singapore,23215,JINGLE BELL HEART ANTIQUE SILVER,99.84,19
Spain,POST,POSTAGE,5852.0,1
Spain,84997D,CHILDRENS CUTLERY POLKADOT PINK,3957.75,2
Spain,84997C,CHILDRENS CUTLERY POLKADOT BLUE,3671.15,3
Spain,22423,REGENCY CAKESTAND 3 TIER,2049.0,4
Spain,84997B,CHILDRENS CUTLERY RETROSPOT RED,1044.76,5
Spain,20728,LUNCH BAG CARS BLUE,810.7,6
Spain,84997A,CHILDRENS CUTLERY POLKADOT GREEN,774.76,7
Spain,84879,ASSORTED COLOUR BIRD ORNAMENT,704.73,8
Spain,22384,LUNCH BAG PINK POLKADOT,599.9,9
Spain,21340,CLASSIC METAL BIRDCAGE PLANT HOLDER,528.6,10
Spain,22383,LUNCH BAG SUKI DESIGN,491.4,11
Spain,22960,JAM MAKING SET WITH JARS,456.25,12
Spain,20725,LUNCH BAG RED RETROSPOT,418.9,13
Spain,23064,CINDERELLA CHANDELIER,417.5,14
Spain,22622,BOX OF VINTAGE ALPHABET BLOCKS,362.2,15
Spain,72802C,VANILLA SCENT CANDLE JEWELLED BOX,360.0,16
Spain,22077,6 RIBBONS RUSTIC CHARM,358.2,17
Spain,20727,LUNCH BAG  BLACK SKULL.,343.0,18
Spain,23071,MARIE ANTOINETTE TRINKET BOX GOLD,312.0,19
Spain,23072,MARIE ANTOINETTE TRINKET BOX SILVER,312.0,19
Sweden,22492,MINI PAINT SET VINTAGE,1895.4,1
Sweden,22720,SET OF 3 CAKE TINS PANTRY DESIGN,1767.15,2
Sweden,POST,POSTAGE,1509.0,3
Sweden,23297,SET 40 HEART SHAPE PETIT FOUR CASES,1240.8,4
Sweden,85232B,SET OF 3 BABUSHKA STACKING TINS,1188.0,5
Sweden,23245,SET OF 3 REGENCY CAKE TINS,1108.8,6
Sweden,21210,SET OF 72 RETROSPOT PAPER  DOILIES,991.8,7
Sweden,23236,STORAGE TIN VINTAGE DOILY,849.66,8
Sweden,21889,WOODEN BOX OF DOMINOES,735.0,9
Sweden,22961,JAM MAKING SET PRINTED,713.4,10
Sweden,84077,WORLD WAR 2 GLIDERS ASSTD DESIGNS,668.16,11
Sweden,22139,RETROSPOT TEA SET CERAMIC 11 PC,594.0,12
Sweden,15036,ASSORTED COLOURS SILK FAN,587.16,13
Sweden,21977,PACK OF 60 PINK PAISLEY CAKE CASES,541.2,14
Sweden,85178,VICTORIAN SEWING KIT,540.0,15
Sweden,21212,PACK OF 72 RETROSPOT CAKE CASES,510.0,16
Sweden,20975,12 PENCILS SMALL TUBE RED RETROSPOT,499.2,17
Sweden,22951,60 CAKE CASES DOLLY GIRL DESIGN,496.8,18
Sweden,23243,SET OF TEA COFFEE SUGAR TINS PANTRY,495.0,19
Sweden,22348,TEA BAG PLATE RED RETROSPOT,489.6,20
Switzerland,POST,POSTAGE,4002.0,1
Switzerland,22326,ROUND SNACK BOXES SET OF4 WOODLAND,1300.8,2
Switzerland,22554,PLASTERS IN TIN WOODLAND ANIMALS,977.55,3
Switzerland,22423,REGENCY CAKESTAND 3 TIER,924.15,4
Switzerland,22551,PLASTERS IN TIN SPACEBOY,733.8,5
Switzerland,23298,SPOTTY BUNTING,637.75,6
Switzerland,23199,JUMBO BAG APPLES,503.6,7
Switzerland,23255,CHILDRENS CUTLERY CIRCUS PARADE,485.8,8
Switzerland,23256,CHILDRENS CUTLERY SPACEBOY,477.5,9
Switzerland,22556,PLASTERS IN TIN CIRCUS PARADE,475.8,10
Switzerland,22632,HAND WARMER RED RETROSPOT,405.6,11
Switzerland,23245,SET OF 3 REGENCY CAKE TINS,404.2,12
Switzerland,22139,RETROSPOT TEA SET CERAMIC 11 PC,395.1,13
Switzerland,23108,SET OF 10 LED DOLLY LIGHTS,385.9,14
Switzerland,47566,PARTY BUNTING,385.7,15
Switzerland,20685,DOORMAT RED RETROSPOT,360.0,16
Switzerland,23007,SPACEBOY BABY GIFT SET,348.9,17
Switzerland,22328,ROUND SNACK BOXES SET OF 4 FRUITS,336.3,18
Switzerland,23253,16 PIECE CUTLERY SET PANTRY DESIGN,331.9,19
Switzerland,20750,RED RETROSPOT MINI CASES,327.3,20
United Arab Emirates,22423,REGENCY CAKESTAND 3 TIER,153.0,1
United Arab Emirates,23008,DOLLY GIRL BABY GIFT SET,89.7,2
United Arab Emirates,23009,I LOVE LONDON BABY GIFT SET,89.7,2
United Arab Emirates,23007,SPACEBOY BABY GIFT SET,89.7,2
United Arab Emirates,47590B,PINK HAPPY BIRTHDAY BUNTING,65.4,5
United Arab Emirates,21700,BIG DOUGHNUT FRIDGE MAGNETS,61.2,6
United Arab Emirates,85150,LADIES & GENTLEMEN METAL SIGN,61.2,6
United Arab Emirates,22139,RETROSPOT TEA SET CERAMIC 11 PC,59.4,8
United Arab Emirates,85215,ASSORTED CHEESE FRIDGE MAGNETS,46.8,9
United Arab Emirates,POST,POSTAGE,37.5,10
United Arab Emirates,22117,METAL SIGN HER DINNER IS SERVED,35.4,11
United Arab Emirates,22413,METAL SIGN TAKE IT OR LEAVE IT,35.4,11
United Arab Emirates,82552,WASHROOM METAL SIGN,34.8,13
United Arab Emirates,23320,GIANT 50'S CHRISTMAS CRACKER,34.68,14
United Arab Emirates,21175,GIN + TONIC DIET METAL SIGN,30.6,15
United Arab Emirates,21232,STRAWBERRY CERAMIC TRINKET BOX,30.0,16
United Arab Emirates,21231,SWEETHEART CERAMIC TRINKET BOX,30.0,16
United Arab Emirates,22112,CHOCOLATE HOT WATER BOTTLE,29.7,18
United Arab Emirates,22111,SCOTTIE DOG HOT WATER BOTTLE,29.7,18
United Arab Emirates,21485,RETROSPOT HEART HOT WATER BOTTLE,29.7,18
United Kingdom,DOT,DOTCOM POSTAGE,206248.77,1
United Kingdom,23843,"PAPER CRAFT , LITTLE BIRDIE",168469.6,2
United Kingdom,22423,REGENCY CAKESTAND 3 TIER,142273.29,3
United Kingdom,85123A,WHITE HANGING HEART T-LIGHT HOLDER,98723.75,4
United Kingdom,47566,PARTY BUNTING,93658.53,5
United Kingdom,85099B,JUMBO BAG RED RETROSPOT,86471.34,6
United Kingdom,23166,MEDIUM CERAMIC TOP STORAGE JAR,80575.63,7
United Kingdom,22086,PAPER CHAIN KIT 50'S CHRISTMAS,62742.54,8
United Kingdom,84879,ASSORTED COLOUR BIRD ORNAMENT,54756.79,9
United Kingdom,79321,CHILLI LIGHTS,53336.56,10
United Kingdom,22502,PICNIC BASKET WICKER SMALL,50598.72,11
United Kingdom,22197,POPCORN HOLDER,48533.72,12
United Kingdom,21137,BLACK RECORD COVER FRAME,39442.17,13
United Kingdom,22386,JUMBO BAG PINK POLKADOT,38571.4,14
United Kingdom,23084,RABBIT NIGHT LIGHT,38087.95,15
United Kingdom,23298,SPOTTY BUNTING,37733.53,16
United Kingdom,23203,JUMBO BAG VINTAGE DOILY,37243.2,17
United Kingdom,23284,DOORMAT KEEP CALM AND COME IN,37070.59,18
United Kingdom,M,Manual,35290.15,19
United Kingdom,82484,WOOD BLACK BOARD ANT WHITE FINISH,35123.97,20
Unspecified,22960,JAM MAKING SET WITH JARS,70.5,1
Unspecified,23234,BISCUIT TIN VINTAGE CHRISTMAS,69.36,2
Unspecified,23236,STORAGE TIN VINTAGE DOILY,69.36,2
Unspecified,23076,ICE CREAM SUNDAE LIP GLOSS,60.0,4
Unspecified,22138,BAKING SET 9 PIECE RETROSPOT,54.45,5
Unspecified,11001,ASSTD DESIGN RACING CAR PEN,54.08,6
Unspecified,21888,BINGO SET,52.5,7
Unspecified,22485,SET OF 2 WOODEN MARKET CRATES,51.0,8
Unspecified,22555,PLASTERS IN TIN STRONGMAN,49.5,9
Unspecified,21891,TRADITIONAL WOODEN SKIPPING ROPE,47.85,10
Unspecified,20750,RED RETROSPOT MINI CASES,47.7,11
Unspecified,20749,ASSORTED COLOUR MINI CASES,47.7,11
Unspecified,23254,CHILDRENS CUTLERY DOLLY GIRL,45.65,13
Unspecified,22619,SET OF 6 SOLDIER SKITTLES,45.0,14
Unspecified,23318,BOX OF 6 MINI VINTAGE CRACKERS,44.82,15
Unspecified,22752,SET 7 BABUSHKA NESTING BOXES,42.5,16
Unspecified,22620,4 TRADITIONAL SPINNING TOPS,42.05,17
Unspecified,21124,SET/10 BLUE POLKADOT PARTY CANDLES,40.0,18
Unspecified,21890,S/6 WOODEN SKITTLES IN COTTON BAG,39.0,19
Unspecified,23108,SET OF 10 LED DOLLY LIGHTS,37.5,20
USA,23328,SET 6 SCHOOL MILK BOTTLES IN CRATE,162.72,1
USA,22423,REGENCY CAKESTAND 3 TIER,114.75,2
USA,21122,SET/10 PINK POLKADOT PARTY CANDLES,90.0,3
USA,21123,SET/10 IVORY POLKADOT PARTY CANDLES,90.0,3
USA,21124,SET/10 BLUE POLKADOT PARTY CANDLES,90.0,3
USA,21121,SET/10 RED POLKADOT PARTY CANDLES,90.0,3
USA,23158,SET OF 5 LUCKY CAT MAGNETS,74.88,7
USA,23366,SET 12 COLOURING PENCILS DOILY,57.2,8
USA,23392,SPACEBOY ROCKET LOLLY MAKERS,49.92,9
USA,20975,12 PENCILS SMALL TUBE RED RETROSPOT,46.8,10
USA,23296,SET OF 6 TEA TIME BAKING CASES,40.0,11
USA,23173,REGENCY TEAPOT ROSES,39.8,12
USA,22649,STRAWBERRY FAIRY CAKE TEAPOT,39.6,13
USA,22989,SET 2 PANTRY DESIGN TEA TOWELS,39.0,14
USA,47590B,PINK HAPPY BIRTHDAY BUNTING,38.15,15
USA,22083,PAPER CHAIN KIT RETROSPOT,35.4,16
USA,37501,TEA TIME TEA SET IN GIFT BOX,34.75,17
USA,22734,SET OF 6 RIBBONS VINTAGE CHRISTMAS,34.68,18
USA,84997B,CHILDRENS CUTLERY RETROSPOT RED,33.2,19
USA,84997C,CHILDRENS CUTLERY POLKADOT BLUE,33.2,19
USA,23293,SET OF 12 FAIRY CAKE BAKING CASES,33.2,19
USA,84997A,CHILDRENS CUTLERY POLKADOT GREEN,33.2,19
USA,84997D,CHILDRENS CUTLERY POLKADOT PINK,33.2,19
